---,StarNameFString,CatalogFString,StarNumberInt,RightAscenstion,Declination,ProperMotionInRightAscension,ProperMotionInDeclination,Parallax,RadialVelocity,OptionalVisualMagnitude
HR2491,9Alp CMa,BSC,0,101.2871,-16.7161,-0.553,-1.205,0.375,-8,-1.46
HR2326,Alp Car,BSC,0,95.9879,-52.6958,0.022,0.021,0.028,21,-0.72
HR5340,16Alp Boo,BSC,0,213.9154,19.1825,-1.093,-1.998,0.09,-5,-0.04
HR5459,Alp1Cen,BSC,0,219.8996,-60.8353,-3.642,0.699,0.751,-22,-0.01
HR7001,3Alp Lyr,BSC,0,279.2346,38.7836,0.202,0.286,0.123,-14,0.03
HR1708,13Alp Aur,BSC,0,79.1725,45.9981,0.076,-0.425,0.073,30,0.08
HR1713,19Bet Ori,BSC,0,78.6346,-8.2017,0,-0.001,0.013,21,0.12
HR2943,10Alp CMi,BSC,0,114.8254,5.225,-0.71,-1.023,0.288,-3,0.38
HR472,Alp Eri,BSC,0,24.4287,-57.2367,0.095,-0.035,0.026,16,0.46
HR2061,58Alp Ori,BSC,0,88.7929,7.4069,0.026,0.009,0.005,21,0.5
HR5267,Bet Cen,BSC,0,210.9558,-60.3731,-0.032,-0.019,0.009,6,0.61
HR7557,53Alp Aql,BSC,0,297.6958,8.8683,0.538,0.386,0.198,-26,0.77
HR1457,87Alp Tau,BSC,0,68.98,16.5092,0.063,-0.19,0.048,54,0.85
HR6134,21Alp Sco,BSC,0,247.3517,-26.4319,-0.01,-0.02,0.024,-3,0.96
HR5056,67Alp Vir,BSC,0,201.2983,-11.1614,-0.041,-0.028,0.023,1,0.98
HR2990,78Bet Gem,BSC,0,116.3288,28.0261,-0.628,-0.046,0.094,3,1.14
HR8728,24Alp PsA,BSC,0,344.4129,-29.6222,0.333,-0.165,0.149,7,1.16
HR4853,Bet Cru,BSC,0,191.93,-59.6886,-0.048,-0.014,,16,1.25
HR7924,50Alp Cyg,BSC,0,310.3579,45.2803,0.003,0.002,-0.006,-5,1.25
HR4730,Alp1Cru,BSC,0,186.6496,-63.0992,-0.036,-0.012,0.008,-11,1.33
HR5460,Alp2Cen,BSC,0,219.9004,-60.8356,-3.646,0.7,0.751,-21,1.33
HR3982,32Alp Leo,BSC,0,152.0929,11.9672,-0.248,0.006,0.045,6,1.35
HR2618,21Eps CMa,BSC,0,104.6562,-28.9722,0.004,0.003,0.001,27,1.5
HR4763,Gam Cru,BSC,0,187.7912,-57.1133,0.023,-0.262,,21,1.63
HR6527,35Lam Sco,BSC,0,263.4021,-37.1039,-0.001,-0.029,,-3,1.63
HR1790,24Gam Ori,BSC,0,81.2829,6.3497,-0.009,-0.014,0.029,18,1.64
HR1791,112Bet Tau,BSC,0,81.5729,28.6075,0.022,-0.175,0.028,9,1.65
HR3685,Bet Car,BSC,0,138.3,-69.7172,-0.162,0.108,0.021,-5,1.68
HR1903,46Eps Ori,BSC,0,84.0533,-1.2019,0.001,-0.002,-0.002,26,1.7
HR4731,Alp2Cru,BSC,0,186.6521,-63.0994,-0.034,-0.007,0.008,-1,1.73
HR8425,Alp Gru,BSC,0,332.0583,-46.9611,0.129,-0.151,0.057,12,1.74
HR4905,77Eps UMa,BSC,0,193.5071,55.9597,0.112,-0.006,0.009,-9,1.77
HR3207,Gam2Vel,BSC,0,122.3833,-47.3367,-0.004,0.006,0.017,35,1.78
HR1017,33Alp Per,BSC,0,51.0808,49.8611,0.024,-0.025,0.016,-2,1.79
HR4301,50Alp UMa,BSC,0,165.9321,61.7508,-0.119,-0.067,0.038,-9,1.79
HR2693,25Del CMa,BSC,0,107.0979,-26.3933,-0.003,0.004,-0.011,34,1.84
HR6879,20Eps Sgr,BSC,0,276.0429,-34.3847,-0.038,-0.124,0.023,-15,1.85
HR3307,Eps Car,BSC,0,125.6283,-59.5097,-0.026,0.014,,2,1.86
HR5191,85Eta UMa,BSC,0,206.885,49.3133,-0.122,-0.011,0.035,-11,1.86
HR6553,The Sco,BSC,0,264.33,-42.9978,0.015,-0.002,0.027,1,1.87
HR2088,34Bet Aur,BSC,0,89.8821,44.9475,-0.057,0,0.041,-18,1.9
HR6217,Alp TrA,BSC,0,252.1662,-69.0278,0.014,-0.034,0.031,-3,1.92
HR2421,24Gam Gem,BSC,0,99.4279,16.3992,0.042,-0.042,0.033,-13,1.93
HR7790,Alp Pav,BSC,0,306.4121,-56.735,0.007,-0.089,,2,1.94
HR3485,Del Vel,BSC,0,131.1758,-54.7083,0.023,-0.078,0.051,2,1.96
HR2294,2Bet CMa,BSC,0,95.675,-17.9558,-0.006,0,0.019,34,1.98
HR3748,30Alp Hya,BSC,0,141.8967,-8.6586,-0.014,0.033,0.022,-4,1.98
HR2891,66Alp Gem,BSC,0,113.65,31.8883,-0.171,-0.098,0.067,6,1.98
HR617,13Alp Ari,BSC,0,31.7933,23.4625,0.19,-0.148,0.049,-14,2
HR5958,,BSC,0,239.8758,25.9203,-0.005,0.013,,-29,2
HR7121,34Sig Sgr,BSC,0,283.8163,-26.2967,0.013,-0.054,,-11,2.02
HR424,1Alp UMi,BSC,0,37.9529,89.2642,0.038,-0.015,0.007,-17,2.02
HR188,16Bet Cet,BSC,0,10.8975,-17.9867,0.234,0.033,0.061,13,2.04
HR1948,50Zet Ori,BSC,0,85.1896,-1.9428,0.003,-0.002,0.024,18,2.05
HR5288,5The Cen,BSC,0,211.6708,-36.37,-0.519,-0.519,0.065,1,2.06
HR2004,53Kap Ori,BSC,0,86.9392,-9.6697,0.002,-0.002,0.015,21,2.06
HR15,21Alp And,BSC,0,2.0971,29.0906,0.136,-0.163,0.032,-12,2.06
HR337,43Bet And,BSC,0,17.4329,35.6206,0.178,-0.114,0.049,3,2.06
HR6556,55Alp Oph,BSC,0,263.7338,12.56,0.12,-0.226,0.067,13,2.08
HR5563,7Bet UMi,BSC,0,222.6763,74.1556,-0.031,0.012,0.039,17,2.08
HR8636,Bet Gru,BSC,0,340.6671,-46.8847,0.137,-0.008,0.008,2,2.1
HR936,26Bet Per,BSC,0,47.0421,40.9556,0.004,-0.001,0.045,4,2.12
HR4534,94Bet Leo,BSC,0,177.265,14.5719,-0.497,-0.114,0.082,0,2.14
HR4819,Gam Cen,BSC,0,190.3792,-48.9597,-0.189,-0.005,0.016,-6,2.17
HR7796,37Gam Cyg,BSC,0,305.5571,40.2567,0.004,0,0.003,-8,2.2
HR3634,Lam Vel,BSC,0,136.9992,-43.4325,-0.019,0.013,0.022,18,2.21
HR1852,34Del Ori,BSC,0,83.0017,-0.2992,0.001,-0.002,0.014,16,2.23
HR5793,5Alp CrB,BSC,0,233.6721,26.7147,0.121,-0.089,0.045,2,2.23
HR6705,33Gam Dra,BSC,0,269.1517,51.4889,-0.008,-0.019,0.025,-28,2.23
HR168,18Alp Cas,BSC,0,10.1271,56.5372,0.053,-0.032,0.016,-4,2.23
HR3699,Iot Car,BSC,0,139.2725,-59.2753,-0.02,0.008,0.017,13,2.25
HR3165,Zet Pup,BSC,0,120.8962,-40.0033,-0.027,0.012,,-24,2.25
HR603,57Gam1And,BSC,0,30.975,42.3297,0.045,-0.052,0.013,-12,2.26
HR5054,79Zet UMa,BSC,0,200.9812,54.9253,0.122,-0.02,0.047,-6,2.27
HR21,11Bet Cas,BSC,0,2.2946,59.1497,0.525,-0.181,0.072,12,2.27
HR6241,26Eps Sco,BSC,0,252.5408,-34.2933,-0.611,-0.255,0.022,-3,2.29
HR5132,Eps Cen,BSC,0,204.9717,-53.4664,-0.028,-0.016,,3,2.3
HR5469,Alp Lup,BSC,0,220.4825,-47.3883,-0.021,-0.018,,5,2.3
HR5440,Eta Cen,BSC,0,218.8767,-42.1578,-0.035,-0.035,,0,2.31
HR5953,7Del Sco,BSC,0,240.0833,-22.6217,-0.012,-0.022,,-7,2.32
HR4295,48Bet UMa,BSC,0,165.4604,56.3825,0.082,0.034,0.053,-12,2.37
HR99,Alp Phe,BSC,0,6.5708,-42.3061,0.203,-0.396,0.035,75,2.39
HR8308,8Eps Peg,BSC,0,326.0467,9.875,0.031,-0.001,0.006,5,2.39
HR6580,Kap Sco,BSC,0,265.6221,-39.03,-0.006,-0.027,,-14,2.41
HR8775,53Bet Peg,BSC,0,345.9438,28.0828,0.189,0.137,0.022,9,2.42
HR6378,35Eta Oph,BSC,0,257.5946,-15.7247,0.039,0.098,0.052,-1,2.43
HR4554,64Gam UMa,BSC,0,178.4575,53.6947,0.095,0.012,0.028,-13,2.44
HR8162,5Alp Cep,BSC,0,319.645,62.5856,0.151,0.049,0.068,-10,2.44
HR2827,31Eta CMa,BSC,0,111.0238,-29.3031,-0.004,0.005,,41,2.45
HR7949,53Eps Cyg,BSC,0,311.5529,33.9703,0.356,0.328,0.057,-11,2.46
HR264,27Gam Cas,BSC,0,14.1771,60.7167,0.026,-0.005,0.016,-7,2.47
HR8781,54Alp Peg,BSC,0,346.1904,15.2053,0.063,-0.042,0.038,-4,2.49
HR3734,Kap Vel,BSC,0,140.5283,-55.0108,-0.008,0.009,0.013,22,2.5
HR911,92Alp Cet,BSC,0,45.57,4.0897,-0.009,-0.078,0.009,-26,2.53
HR5231,Zet Cen,BSC,0,208.885,-47.2883,-0.057,-0.042,,7,2.55
HR6175,13Zet Oph,BSC,0,249.2896,-10.5672,0.014,0.026,0.003,-15,2.56
HR4357,68Del Leo,BSC,0,168.5271,20.5236,0.142,-0.13,0.048,-20,2.56
HR1865,11Alp Lep,BSC,0,83.1825,-17.8222,0.001,0.002,0.007,24,2.58
HR4662,4Gam Crv,BSC,0,183.9517,-17.5419,-0.161,0.023,,-4,2.59
HR4621,Del Cen,BSC,0,182.0896,-50.7225,-0.034,-0.008,0.026,11,2.6
HR7194,38Zet Sgr,BSC,0,285.6529,-29.8803,-0.015,-0.002,0.025,22,2.6
HR5685,27Bet Lib,BSC,0,229.2517,-9.3831,-0.096,-0.019,-0.003,-35,2.61
HR4057,41Gam1Leo,BSC,0,154.9929,19.8417,0.306,-0.147,0.022,-37,2.61
HR5984,8Bet1Sco,BSC,0,241.3592,-19.8056,-0.006,-0.019,0.009,-1,2.62
HR2095,37The Aur,BSC,0,89.9304,37.2125,0.048,-0.081,0.022,30,2.62
HR1956,Alp Col,BSC,0,84.9121,-34.0742,0.007,-0.026,0.001,35,2.64
HR553,6Bet Ari,BSC,0,28.66,20.8081,0.096,-0.111,0.074,-2,2.64
HR4786,9Bet Crv,BSC,0,188.5967,-23.3967,0.002,-0.054,0.034,-8,2.65
HR5854,24Alp Ser,BSC,0,236.0671,6.4256,0.137,0.047,0.053,3,2.65
HR5571,Bet Lup,BSC,0,224.6329,-43.1339,-0.035,-0.039,,0,2.68
HR5235,8Eta Boo,BSC,0,208.6712,18.3978,-0.063,-0.358,0.108,0,2.68
HR403,37Del Cas,BSC,0,21.4542,60.2353,0.297,-0.051,0.037,7,2.68
HR4798,Alp Mus,BSC,0,189.2958,-69.1356,-0.048,-0.013,,13,2.69
HR4216,Mu  Vel,BSC,0,161.6925,-49.42,0.074,-0.048,0.022,6,2.69
HR6508,34Ups Sco,BSC,0,262.6908,-37.2958,-0.001,-0.031,,8,2.69
HR1577,3Iot Aur,BSC,0,74.2483,33.1661,0.003,-0.018,0.021,18,2.69
HR2773,Pi  Pup,BSC,0,109.2858,-37.0975,-0.009,0.004,0.032,16,2.7
HR6859,19Del Sgr,BSC,0,275.2487,-29.8281,0.035,-0.028,0.047,-20,2.7
HR5506,36Eps Boo,BSC,0,221.2467,27.0742,-0.049,0.021,0.016,-17,2.7
HR7525,50Gam Aql,BSC,0,296.565,10.6133,0.018,-0.002,0.016,-2,2.72
HR6056,1Del Oph,BSC,0,243.5862,-3.6944,-0.044,-0.143,0.034,-20,2.74
HR6132,14Eta Dra,BSC,0,245.9979,61.5142,-0.017,0.061,0.051,-14,2.74
HR5028,Iot Cen,BSC,0,200.1492,-36.7122,-0.341,-0.085,0.062,0,2.75
HR5531,9Alp2Lib,BSC,0,222.7196,-16.0417,-0.106,-0.067,0.058,-10,2.75
HR4199,The Car,BSC,0,160.7392,-64.3944,-0.023,0.01,,24,2.76
HR1899,44Iot Ori,BSC,0,83.8583,-5.91,0,0.001,0.025,22,2.77
HR6603,60Bet Oph,BSC,0,265.8683,4.5672,-0.04,0.159,0.033,-12,2.77
HR6148,27Bet Her,BSC,0,247.555,21.4897,-0.098,-0.015,0.024,-26,2.77
HR5776,Gam Lup,BSC,0,233.7854,-41.1669,-0.015,-0.028,0.008,2,2.78
HR1666,67Bet Eri,BSC,0,76.9625,-5.0864,-0.095,-0.081,0.05,-9,2.79
HR6536,23Bet Dra,BSC,0,262.6083,52.3014,-0.016,0.015,0.013,-20,2.79
HR98,Bet Hyi,BSC,0,6.4379,-77.2542,2.215,0.324,0.153,23,2.8
HR4656,Del Cru,BSC,0,183.7863,-58.7489,-0.041,-0.009,0.003,22,2.8
HR6913,22Lam Sgr,BSC,0,276.9925,-25.4217,-0.044,-0.185,0.053,-43,2.81
HR3185,15Rho Pup,BSC,0,121.8858,-24.3042,-0.083,0.049,0.035,46,2.81
HR6212,40Zet Her,BSC,0,250.3217,31.6031,-0.47,0.394,0.102,-70,2.81
HR6165,23Tau Sco,BSC,0,248.9708,-28.2161,-0.008,-0.022,0.02,2,2.82
HR4932,47Eps Vir,BSC,0,195.5442,10.9592,-0.273,0.02,0.043,-14,2.83
HR39,88Gam Peg,BSC,0,3.3092,15.1836,0.003,-0.012,-0.002,4,2.83
HR1829,9Bet Lep,BSC,0,82.0612,-20.7594,-0.004,-0.089,0.02,-14,2.84
HR5897,Bet TrA,BSC,0,238.7854,-63.4306,-0.191,-0.398,0.083,0,2.85
HR6461,Bet Ara,BSC,0,261.325,-55.53,-0.008,-0.025,0.034,0,2.85
HR1203,44Zet Per,BSC,0,58.5329,31.8836,0.006,-0.01,0.01,20,2.85
HR591,Alp Hyi,BSC,0,29.6925,-61.5697,0.264,0.027,0.048,1,2.86
HR8502,Alp Tuc,BSC,0,334.6254,-60.2597,-0.072,-0.043,0.026,42,2.86
HR8322,49Del Cap,BSC,0,326.76,-16.1272,0.263,-0.297,0.087,-6,2.87
HR1165,25Eta Tau,BSC,0,56.8713,24.105,0.019,-0.046,0.008,10,2.87
HR7528,18Del Cyg,BSC,0,296.2437,45.1308,0.053,0.047,0.03,-20,2.87
HR2286,13Mu  Gem,BSC,0,95.74,22.5136,0.054,-0.111,0.02,55,2.88
HR2890,66Alp Gem,BSC,0,113.65,31.8886,-0.172,-0.099,0.067,-1,2.88
HR5671,Gam TrA,BSC,0,229.7275,-68.6794,-0.072,-0.031,0.01,-3,2.89
HR5944,6Pi  Sco,BSC,0,239.7129,-26.1142,-0.011,-0.026,0.01,-3,2.89
HR6084,20Sig Sco,BSC,0,245.2971,-25.5928,-0.01,-0.021,,3,2.89
HR7264,41Pi  Sgr,BSC,0,287.4408,-21.0236,0,-0.035,0.026,-10,2.89
HR1220,45Eps Per,BSC,0,59.4633,40.0103,0.018,-0.026,0.009,1,2.89
HR2845,3Bet CMi,BSC,0,111.7875,8.2894,-0.052,-0.038,0.019,22,2.9
HR4915,12Alp2CVn,BSC,0,194.0071,38.3183,-0.234,0.056,0.027,-3,2.9
HR8232,22Bet Aqr,BSC,0,322.8896,-5.5711,0.021,-0.008,0.006,7,2.91
HR2553,Tau Pup,BSC,0,102.4842,-50.6147,0.036,-0.07,,36,2.93
HR915,23Gam Per,BSC,0,46.1992,53.5064,0,-0.005,0.016,3,2.93
HR8650,44Eta Peg,BSC,0,340.7504,30.2214,0.015,-0.025,0.017,4,2.94
HR6510,Alp Ara,BSC,0,262.9604,-49.8761,-0.031,-0.07,0.007,0,2.95
HR4757,7Del Crv,BSC,0,187.4662,-16.5156,-0.21,-0.138,0.024,9,2.95
HR1231,34Gam Eri,BSC,0,59.5075,-13.5086,0.061,-0.111,0.01,62,2.95
HR8414,34Alp Aqr,BSC,0,331.4458,-0.3197,0.02,-0.01,0.012,8,2.96
HR3873,17Eps Leo,BSC,0,146.4629,23.7742,-0.046,-0.011,0.01,4,2.98
HR2473,27Eps Gem,BSC,0,100.9829,25.1311,-0.006,-0.013,0.017,10,2.98
HR6746,10Gam2Sgr,BSC,0,271.4521,-30.4242,-0.053,-0.185,0.025,22,2.99
HR7235,17Zet Aql,BSC,0,286.3525,13.8633,-0.005,-0.096,0.045,-25,2.99
HR1605,7Eps Aur,BSC,0,75.4921,43.8233,-0.001,-0.004,0.007,-3,2.99
HR5020,46Gam Hya,BSC,0,199.7304,-23.1717,0.064,-0.045,0.027,-5,3
HR4630,2Eps Crv,BSC,0,182.5312,-22.6197,-0.071,0.014,0.027,5,3
HR1910,123Zet Tau,BSC,0,84.4112,21.1425,0,-0.021,0.008,20,3
HR622,4Bet Tri,BSC,0,32.3858,34.9872,0.15,-0.04,0.022,10,3
HR3890,Ups Car,BSC,0,146.7754,-65.0719,-0.012,0.011,0.027,14,3.01
HR8353,Gam Gru,BSC,0,328.4821,-37.365,0.102,-0.021,0.013,-2,3.01
HR4335,52Psi UMa,BSC,0,167.4158,44.4986,-0.065,-0.028,,-4,3.01
HR1122,39Del Per,BSC,0,55.7313,47.7875,0.028,-0.034,0.016,4,3.01
HR2282,1Zet CMa,BSC,0,95.0783,-30.0633,0.009,0.003,0.004,32,3.02
HR2653,24Omi2CMa,BSC,0,105.7562,-23.8333,-0.004,0.003,,48,3.02
HR6615,Iot1Sco,BSC,0,266.8962,-40.1269,0,-0.008,0.019,-28,3.03
HR5435,27Gam Boo,BSC,0,218.0196,38.3083,-0.114,0.153,0.025,-37,3.03
HR5193,Mu  Cen,BSC,0,207.4042,-42.4739,-0.023,-0.02,,9,3.04
HR681,68Omi Cet,BSC,0,34.8363,-2.9775,-0.008,-0.237,0.024,64,3.04
HR4844,Bet Mus,BSC,0,191.5704,-68.1081,-0.039,-0.017,0.015,42,3.05
HR4069,34Mu  UMa,BSC,0,155.5821,41.4994,-0.082,0.035,0.035,-21,3.05
HR5735,13Gam UMi,BSC,0,230.1821,71.8339,-0.019,0.02,0.003,-4,3.05
HR7310,57Del Dra,BSC,0,288.1388,67.6617,0.094,0.093,0.032,25,3.07
HR6247,Mu 1Sco,BSC,0,252.9675,-38.0475,-0.011,-0.025,,-25,3.08
HR7776,9Bet Cap,BSC,0,305.2529,-14.7814,0.042,0.002,0.01,-19,3.08
HR7417,6Bet1Cyg,BSC,0,292.6804,27.9597,0.002,-0.002,0.017,-24,3.08
HR7869,Alp Ind,BSC,0,309.3917,-47.2914,0.053,0.066,0.046,-1,3.11
HR6832,Eta Sgr,BSC,0,274.4067,-36.7617,-0.128,-0.167,0.045,1,3.11
HR4232,Nu  Hya,BSC,0,162.4062,-16.1936,0.094,0.2,0.028,-1,3.11
HR3547,16Zet Hya,BSC,0,133.8483,5.9456,-0.099,0.014,0.035,23,3.11
HR2040,Bet Col,BSC,0,87.74,-35.7683,0.059,0.401,0.023,89,3.12
HR4467,Lam Cen,BSC,0,173.945,-63.0197,-0.041,-0.005,,-1,3.13
HR3803,,BSC,0,142.8054,-57.0344,-0.032,0.004,0.022,-14,3.13
HR6285,Zet Ara,BSC,0,254.655,-55.9903,-0.019,-0.036,0.044,-6,3.13
HR5576,Kap Cen,BSC,0,224.7904,-42.1042,-0.019,-0.024,,8,3.13
HR3705,40Alp Lyn,BSC,0,140.2637,34.3925,-0.221,0.019,0.025,38,3.13
HR6410,65Del Her,BSC,0,258.7579,24.8392,-0.021,-0.157,0.044,-40,3.14
HR3569,9Iot UMa,BSC,0,134.8017,48.0417,-0.444,-0.226,0.075,9,3.14
HR6418,67Pi  Her,BSC,0,258.7617,36.8092,-0.026,0.004,0.025,-26,3.16
HR2451,Nu  Pup,BSC,0,99.4404,-43.1961,0.002,-0.006,,28,3.17
HR7039,27Phi Sgr,BSC,0,281.4142,-26.9908,0.053,0,,22,3.17
HR1641,10Eta Aur,BSC,0,76.6288,41.2344,0.029,-0.068,0.022,7,3.17
HR3775,25The UMa,BSC,0,143.2142,51.6772,-0.954,-0.531,0.052,15,3.17
HR6396,22Zet Dra,BSC,0,257.1967,65.7147,-0.02,0.022,0.023,-17,3.17
HR5463,Alp Cir,BSC,0,220.6267,-64.9753,-0.192,-0.232,0.056,7,3.19
HR1654,2Eps Lep,BSC,0,76.3654,-22.3711,0.025,-0.074,0.011,1,3.19
HR1543,1Pi 3Ori,BSC,0,72.46,6.9614,0.466,0.012,0.125,24,3.19
HR6299,27Kap Oph,BSC,0,254.4171,9.375,-0.291,-0.01,0.031,-56,3.2
HR8115,64Zet Cyg,BSC,0,318.2342,30.2269,0.001,-0.056,0.027,17,3.2
HR6630,,BSC,0,267.4646,-37.0433,0.049,0.033,0.04,25,3.21
HR8974,35Gam Cep,BSC,0,354.8367,77.6325,-0.067,0.151,0.064,-42,3.21
HR5695,Del Lup,BSC,0,230.3429,-40.6475,-0.015,-0.026,,0,3.22
HR7710,65The Aql,BSC,0,302.8263,-0.8214,0.038,0.004,0.012,-27,3.23
HR8238,8Bet Cep,BSC,0,322.165,70.5608,0.01,0.007,0.014,-8,3.23
HR1208,Gam Hyi,BSC,0,56.8096,-74.2389,0.047,0.114,0.005,16,3.24
HR897,The1Eri,BSC,0,44.5654,-40.3047,-0.045,0.019,0.035,12,3.24
HR6075,2Eps Oph,BSC,0,244.5804,-4.6925,0.085,0.041,0.043,-10,3.24
HR7178,14Gam Lyr,BSC,0,284.7358,32.6894,-0.002,0.002,0.021,-21,3.24
HR2878,Sig Pup,BSC,0,112.3075,-43.3014,-0.055,0.187,0.02,88,3.25
HR6869,58Eta Ser,BSC,0,275.3275,-2.8989,-0.547,-0.7,0.058,9,3.26
HR2550,Alp Pic,BSC,0,102.0475,-61.9414,-0.069,0.269,0.052,21,3.27
HR1465,Alp Dor,BSC,0,68.4992,-55.045,0.051,-0.003,0.018,26,3.27
HR5287,49Pi  Hya,BSC,0,211.5929,-26.6825,0.044,-0.139,0.049,27,3.27
HR6453,42The Oph,BSC,0,260.5025,-24.9994,-0.004,-0.02,,-2,3.27
HR8709,76Del Aqr,BSC,0,343.6625,-15.8208,-0.04,-0.025,0.038,18,3.27
HR165,31Del And,BSC,0,9.8321,30.8608,0.136,-0.091,0.028,-7,3.27
HR2216,7Eta Gem,BSC,0,93.7192,22.5067,-0.068,-0.012,0.014,19,3.28
HR5603,20Sig Lib,BSC,0,226.0175,-25.2819,-0.073,-0.043,0.064,-4,3.29
HR5744,12Iot Dra,BSC,0,231.2325,58.9661,-0.009,0.017,0.04,-11,3.29
HR322,Bet Phe,BSC,0,16.5208,-46.7186,-0.027,-0.001,0.021,-1,3.31
HR1702,5Mu  Lep,BSC,0,78.2329,-16.2056,0.043,-0.026,0.023,28,3.31
HR4660,69Del UMa,BSC,0,183.8567,57.0325,0.104,0.009,0.061,-13,3.31
HR4037,Ome Car,BSC,0,153.4342,-70.0381,-0.039,0.007,,7,3.32
HR4140,,BSC,0,158.0058,-61.6853,-0.019,0.009,,26,3.32
HR7234,40Tau Sgr,BSC,0,286.735,-27.6706,-0.053,-0.251,0.044,45,3.32
HR6380,Eta Sco,BSC,0,258.0383,-43.2392,0.024,-0.287,0.063,-28,3.33
HR6462,Gam Ara,BSC,0,261.3483,-56.3775,-0.002,-0.012,,-3,3.34
HR3045,7Xi  Pup,BSC,0,117.3238,-24.8597,-0.003,-0.002,0.003,3,3.34
HR6698,64Nu  Oph,BSC,0,269.7567,-9.7736,-0.007,-0.116,0.021,13,3.34
HR4359,70The Leo,BSC,0,168.56,15.4294,-0.061,-0.079,0.026,8,3.34
HR1336,Alp Ret,BSC,0,63.6063,-62.4739,0.045,0.045,0.013,36,3.35
HR8465,21Zet Cep,BSC,0,332.7137,58.2011,0.015,0.004,0.017,-18,3.35
HR1788,28Eta Ori,BSC,0,81.1192,-2.3969,0.002,0,0.007,20,3.36
HR7377,30Del Aql,BSC,0,291.3746,3.1147,0.257,0.082,0.072,-30,3.36
HR2484,31Xi  Gem,BSC,0,101.3225,12.8956,-0.116,-0.191,0.055,25,3.36
HR3323,1Omi UMa,BSC,0,127.5663,60.7181,-0.133,-0.107,0.009,20,3.36
HR5708,Eps Lup,BSC,0,230.6704,-44.6894,-0.019,-0.013,0.009,8,3.37
HR5107,79Zet Vir,BSC,0,203.6733,-0.5958,-0.285,0.042,0.044,-13,3.37
HR4910,43Del Vir,BSC,0,193.9008,3.3975,-0.469,-0.054,0.022,-18,3.38
HR3482,11Eps Hya,BSC,0,131.6942,6.4189,-0.189,-0.051,0.027,36,3.38
HR542,45Eps Cas,BSC,0,28.5987,63.67,0.032,-0.021,0.01,-8,3.38
HR921,25Rho Per,BSC,0,46.2942,38.8403,0.13,-0.106,0.011,28,3.39
HR4050,,BSC,0,154.2708,-61.3322,-0.024,0.005,0.027,8,3.4
HR8634,42Zet Peg,BSC,0,340.3654,10.8314,0.08,-0.013,0.023,7,3.4
HR1412,78The2Tau,BSC,0,67.1654,15.8708,0.103,-0.025,0.029,40,3.4
HR5649,Zet Lup,BSC,0,228.0712,-52.0992,-0.112,-0.073,0.043,-10,3.41
HR429,Gam Phe,BSC,0,22.0912,-43.3183,-0.014,-0.209,0,26,3.41
HR5190,Nu  Cen,BSC,0,207.3763,-41.6878,-0.022,-0.021,,9,3.41
HR5948,Eta Lup,BSC,0,240.0304,-38.3969,-0.022,-0.032,0.008,8,3.41
HR544,2Alp Tri,BSC,0,28.2704,29.5789,0.011,-0.235,0.057,-13,3.41
HR7913,Bet Pav,BSC,0,311.2396,-66.2031,-0.046,0.012,0.035,10,3.42
HR6623,86Mu  Her,BSC,0,266.6146,27.7206,-0.311,-0.751,0.108,-16,3.42
HR7957,3Eta Cep,BSC,0,311.3225,61.8389,0.087,0.818,0.071,-87,3.43
HR3659,,BSC,0,137.7417,-58.9669,-0.026,0.008,,23,3.44
HR7236,16Lam Aql,BSC,0,286.5621,-4.8825,-0.017,-0.09,0.032,-12,3.44
HR4031,36Zet Leo,BSC,0,154.1725,23.4172,0.018,-0.007,0.017,-16,3.44
HR219,24Eta Cas,BSC,0,12.275,57.8158,1.1,-0.529,0.176,9,3.44
HR334,31Eta Cet,BSC,0,17.1475,-10.1822,0.218,-0.138,0.041,12,3.45
HR7106,10Bet Lyr,BSC,0,282.52,33.3628,0.003,-0.003,-0.002,-19,3.45
HR4033,33Lam UMa,BSC,0,154.2742,42.9144,-0.164,-0.038,0.03,18,3.45
HR3117,Chi Car,BSC,0,119.1946,-52.9822,-0.029,0.021,0.004,19,3.47
HR2646,22Sig CMa,BSC,0,105.4296,-27.9347,-0.005,0.005,0.024,22,3.47
HR804,86Gam Cet,BSC,0,40.825,3.2358,-0.142,-0.152,0.052,-5,3.47
HR1239,35Lam Tau,BSC,0,60.17,12.4903,-0.006,-0.012,0.002,18,3.47
HR7635,12Gam Sge,BSC,0,299.6892,19.4922,0.066,0.024,0.013,-33,3.47
HR5681,49Del Boo,BSC,0,228.8758,33.3147,0.086,-0.112,0.03,-12,3.47
HR6406,64Alp1Her,BSC,0,258.6621,14.3903,-0.006,0.036,-0.002,-33,3.48
HR8684,48Mu  Peg,BSC,0,342.5008,24.6017,0.147,-0.042,0.04,14,3.48
HR4377,54Nu  UMa,BSC,0,169.6196,33.0942,-0.026,0.028,0.02,-9,3.48
HR8675,Eps Gru,BSC,0,342.1388,-51.3169,0.108,-0.071,0.044,0,3.49
HR509,52Tau Cet,BSC,0,26.0171,-15.9375,-1.718,0.856,0.275,-16,3.5
HR5602,42Bet Boo,BSC,0,225.4867,40.3906,-0.041,-0.028,0.037,-20,3.5
HR6897,Alp Tel,BSC,0,276.7433,-45.9683,-0.016,-0.054,,0,3.51
HR7150,37Xi 2Sgr,BSC,0,284.4325,-21.1067,0.033,-0.012,0.011,-20,3.51
HR3249,17Bet Cnc,BSC,0,124.1288,9.1856,-0.044,-0.049,0.012,22,3.52
HR3852,14Omi Leo,BSC,0,145.2875,9.8922,-0.142,-0.037,0.034,27,3.52
HR3975,30Eta Leo,BSC,0,151.8333,16.7628,-0.002,0,0.003,3,3.52
HR8694,32Iot Cep,BSC,0,342.42,66.2006,-0.065,-0.125,0.041,-12,3.52
HR5881,32Mu  Ser,BSC,0,237.405,-3.4303,-0.086,-0.024,0.007,-9,3.53
HR8450,26The Peg,BSC,0,332.55,6.1978,0.276,0.027,0.049,-6,3.53
HR1409,74Eps Tau,BSC,0,67.1542,19.1803,0.107,-0.038,0.02,39,3.53
HR2777,55Del Gem,BSC,0,110.0308,21.9822,-0.026,-0.012,0.061,4,3.53
HR6220,44Eta Her,BSC,0,250.7242,38.9222,0.037,-0.083,0.034,8,3.53
HR3940,Phi Vel,BSC,0,149.2158,-54.5678,-0.01,0.003,,14,3.54
HR4450,Xi  Hya,BSC,0,173.2504,-31.8578,-0.206,-0.04,0.027,-5,3.54
HR6561,55Xi  Ser,BSC,0,264.3967,-15.3986,-0.042,-0.058,0.03,-43,3.54
HR1136,23Del Eri,BSC,0,55.8121,-9.7633,-0.092,0.745,0.109,-6,3.54
HR1879,39Lam Ori,BSC,0,83.7846,9.9342,0,-0.006,0.007,34,3.54
HR5354,Iot Lup,BSC,0,214.8508,-46.0578,-0.013,0.002,,22,3.55
HR1998,14Zet Lep,BSC,0,86.7387,-14.8219,-0.016,-0.001,0.049,20,3.55
HR7665,Del Pav,BSC,0,302.1817,-66.1819,1.207,-1.131,0.17,-22,3.56
HR674,Phi Eri,BSC,0,34.1275,-51.5122,0.096,-0.027,,10,3.56
HR5705,Phi1Lup,BSC,0,230.4517,-36.2614,-0.089,-0.084,0.014,-29,3.56
HR1347,41Ups4Eri,BSC,0,64.4737,-33.7983,0.067,-0.008,,18,3.56
HR4382,12Del Crt,BSC,0,169.8354,-14.7786,-0.122,0.208,0.024,-5,3.56
HR74,8Iot Cet,BSC,0,4.8571,-8.8239,-0.014,-0.036,0.013,19,3.56
HR6252,Mu 2Sco,BSC,0,253.0838,-38.0175,-0.011,-0.024,,1,3.57
HR7754,6Alp2Cap,BSC,0,304.5138,-12.5447,0.064,0.004,0.034,0,3.57
HR2985,77Kap Gem,BSC,0,116.1117,24.3981,-0.033,-0.052,0.026,21,3.57
HR464,51    And,BSC,0,24.4983,48.6283,0.065,-0.113,0.021,16,3.57
HR6927,44Chi Dra,BSC,0,275.2642,72.7328,0.532,-0.35,0.12,33,3.57
HR5794,39Ups Lib,BSC,0,234.2563,-28.135,-0.009,0.003,0.044,-25,3.58
HR2763,54Lam Gem,BSC,0,109.5233,16.5403,-0.048,-0.037,0.047,-9,3.58
HR5429,25Rho Boo,BSC,0,217.9575,30.3714,-0.1,0.119,0.029,-14,3.58
HR4700,Eps Cru,BSC,0,185.34,-60.4011,-0.175,0.087,0.026,-5,3.59
HR3786,Psi Vel,BSC,0,142.675,-40.4667,-0.182,0.073,0.065,9,3.6
HR1983,13Gam Lep,BSC,0,86.1158,-22.4483,-0.293,-0.37,0.128,-10,3.6
HR402,45The Cet,BSC,0,21.0058,-8.1833,-0.079,-0.218,0.041,17,3.6
HR1735,20Tau Ori,BSC,0,79.4017,-6.8444,-0.015,-0.008,0.006,20,3.6
HR1030,1Omi Tau,BSC,0,51.2033,9.0289,-0.066,-0.078,0.016,-21,3.6
HR2540,34The Gem,BSC,0,103.1971,33.9611,-0.002,-0.048,0.021,21,3.6
HR3594,12Kap UMa,BSC,0,135.9062,47.1567,-0.033,-0.054,0.016,4,3.6
HR3017,,BSC,0,116.3138,-37.9686,-0.01,0.002,0.006,17,3.61
HR3994,41Lam Hya,BSC,0,152.6471,-12.3542,-0.202,-0.089,0.027,19,3.61
HR4540,5Bet Vir,BSC,0,177.6738,1.7647,0.743,-0.271,0.104,5,3.61
HR4923,Del Mus,BSC,0,195.5675,-71.5489,0.256,-0.021,0.03,37,3.62
HR6582,Eta Pav,BSC,0,266.4333,-64.7239,-0.014,-0.054,0.025,-8,3.62
HR6500,Del Ara,BSC,0,262.7746,-60.6839,-0.059,-0.096,,10,3.62
HR3447,,BSC,0,130.0733,-52.9219,-0.022,0.019,,16,3.62
HR6271,Zet2Sco,BSC,0,253.6458,-42.3614,-0.124,-0.236,0.028,-19,3.62
HR437,99Eta Psc,BSC,0,22.8708,15.3458,0.028,-0.006,0.015,15,3.62
HR8762,1Omi And,BSC,0,345.4804,42.3261,0.023,-0.006,0.015,-14,3.62
HR7882,6Bet Del,BSC,0,309.3875,14.5953,0.113,-0.033,0.028,-23,3.63
HR1178,27    Tau,BSC,0,57.2904,24.0533,0.018,-0.047,-0.026,9,3.63
HR838,41    Ari,BSC,0,42.4958,27.2606,0.067,-0.118,0.034,4,3.63
HR4520,Lam Mus,BSC,0,176.4017,-66.7286,-0.103,0.037,,16,3.64
HR7986,Bet Ind,BSC,0,313.7025,-58.4542,0.017,-0.026,-0.005,-5,3.65
HR4825,29Gam Vir,BSC,0,190.415,-1.4494,-0.565,0.012,0.099,-20,3.65
HR1346,54Gam Tau,BSC,0,64.9483,15.6275,0.115,-0.025,0.028,39,3.65
HR5291,11Alp Dra,BSC,0,211.0971,64.3758,-0.055,0.018,0.018,-13,3.65
HR6743,The Ara,BSC,0,271.6579,-50.0917,-0.01,-0.014,,3,3.66
HR5812,40Tau Lib,BSC,0,234.6642,-29.7778,-0.015,-0.03,,3,3.66
HR8812,88    Aqr,BSC,0,347.3617,-21.1725,0.055,0.031,0.01,21,3.66
HR153,17Zet Cas,BSC,0,9.2429,53.8969,0.019,-0.009,0.004,2,3.66
HR5867,28Bet Ser,BSC,0,236.5471,15.4219,0.067,-0.045,0.041,-1,3.67
HR3757,23    UMa,BSC,0,142.8821,63.0619,0.109,0.028,0.041,-10,3.67
HR3468,Alp Pyx,BSC,0,130.8979,-33.1864,-0.011,0.011,,15,3.68
HR8278,40Gam Cap,BSC,0,325.0229,-16.6622,0.19,-0.023,0.029,-31,3.68
HR4826,29Gam Vir,BSC,0,190.415,-1.4494,-0.565,0.012,0.099,-20,3.68
HR5747,3Bet CrB,BSC,0,231.9571,29.1058,-0.179,0.086,0.032,-19,3.68
HR3884,,BSC,0,146.3117,-62.5078,-0.014,0.007,0.027,3,3.69
HR1003,16Tau4Eri,BSC,0,49.8792,-21.7578,0.052,0.033,-0.013,42,3.69
HR8852,6Gam Psc,BSC,0,349.2913,3.2822,0.762,0.017,0.036,-14,3.69
HR1552,3Pi 4Ori,BSC,0,72.8017,5.605,-0.001,0.001,0.001,23,3.69
HR566,Chi Eri,BSC,0,28.9896,-51.6089,0.681,0.292,0.058,-6,3.7
HR1142,17    Tau,BSC,0,56.2188,24.1133,0.019,-0.046,0.02,12,3.7
HR6703,92Xi  Her,BSC,0,269.4413,29.2478,0.084,-0.017,0.021,-2,3.7
HR2085,16Eta Lep,BSC,0,89.1012,-14.1678,-0.042,0.139,0.066,-2,3.71
HR5892,37Eps Ser,BSC,0,237.7042,4.4778,0.128,0.063,0.041,-9,3.71
HR7602,60Bet Aql,BSC,0,298.8283,6.4067,0.048,-0.482,0.07,-40,3.71
HR4518,63Chi UMa,BSC,0,176.5125,47.7794,-0.137,0.03,0.019,-9,3.71
HR5511,109    Vir,BSC,0,221.5621,1.8928,-0.114,-0.026,0.037,-6,3.72
HR1567,8Pi 5Ori,BSC,0,73.5629,2.4406,0,0,0.003,23,3.72
HR8130,65Tau Cyg,BSC,0,318.6979,38.0456,0.16,0.435,0.055,-21,3.72
HR8079,62Xi  Cyg,BSC,0,316.2329,43.9278,0.008,0.001,0.007,-20,3.72
HR2077,33Del Aur,BSC,0,89.8817,54.2847,0.081,-0.125,0.022,8,3.72
HR3080,,BSC,0,118.0542,-40.5758,-0.01,0.003,0.031,24,3.73
HR539,55Zet Cet,BSC,0,27.865,-10.335,0.041,-0.039,0.031,9,3.73
HR1084,18Eps Eri,BSC,0,53.2325,-9.4583,-0.974,0.021,0.303,15,3.73
HR6771,72    Oph,BSC,0,271.8375,9.5639,-0.06,0.08,0.047,-24,3.73
HR8204,34Zet Cap,BSC,0,321.6667,-22.4114,0.001,0.023,-0.01,3,3.74
HR8698,73Lam Aqr,BSC,0,343.1537,-7.5797,0.011,0.037,0.017,-9,3.74
HR1038,2Xi  Tau,BSC,0,51.7925,9.7328,0.06,-0.039,-0.017,-2,3.74
HR3614,,BSC,0,136.0388,-47.0978,-0.044,-0.013,0.02,24,3.75
HR6629,62Gam Oph,BSC,0,266.9733,2.7072,-0.022,-0.074,0.039,-7,3.75
HR6095,20Gam Her,BSC,0,245.48,19.1531,-0.047,0.043,0.024,-35,3.75
HR1612,8Zet Aur,BSC,0,75.6196,41.0758,0.009,-0.022,0.005,13,3.75
HR6688,32Xi  Dra,BSC,0,268.3821,56.8728,0.094,0.08,0.035,-26,3.75
HR8571,27Del Cep,BSC,0,337.2929,58.4153,0.015,0.001,0.011,-15,3.75
HR8254,Nu  Oct,BSC,0,325.3687,-77.39,0.045,-0.24,0.053,34,3.76
HR1922,Bet Dor,BSC,0,83.4062,-62.4897,0.002,0.009,0.012,7,3.76
HR6229,Eta Ara,BSC,0,252.4462,-59.0414,0.038,-0.028,0.025,9,3.76
HR1373,61Del1Tau,BSC,0,65.7337,17.5425,0.107,-0.03,0.021,39,3.76
HR8430,24Iot Peg,BSC,0,331.7529,25.345,0.298,0.025,0.082,-4,3.76
HR834,15Eta Per,BSC,0,42.6742,55.8956,0.017,-0.014,0.006,-1,3.76
HR3347,Bet Vol,BSC,0,126.4342,-66.1369,-0.036,-0.155,0.042,27,3.77
HR7217,39Omi Sgr,BSC,0,286.1708,-21.7417,0.08,-0.06,0.044,25,3.77
HR7950,2Eps Aqr,BSC,0,311.9192,-9.4958,0.035,-0.034,0.021,-16,3.77
HR7906,9Alp Del,BSC,0,309.9096,15.9119,0.066,-0.002,0.008,-3,3.77
HR1135,41Nu  Per,BSC,0,56.2983,42.5786,-0.014,-0.002,0.02,-13,3.77
HR8585,7Alp Lac,BSC,0,337.8229,50.2825,0.138,0.019,0.04,-4,3.77
HR7328,1Kap Cyg,BSC,0,289.2758,53.3686,0.059,0.125,0.024,-29,3.77
HR2736,Gam2Vol,BSC,0,107.1871,-70.4989,0.023,0.106,0.016,3,3.78
HR4257,,BSC,0,163.3733,-58.8533,0.067,0.03,0.059,8,3.78
HR2650,43Zet Gem,BSC,0,106.0271,20.5703,-0.009,0,-0.006,7,3.79
HR2821,60Iot Gem,BSC,0,111.4317,27.7981,-0.123,-0.086,0.032,8,3.79
HR7735,31    Cyg,BSC,0,303.4079,46.7414,0.004,0.003,0.007,-8,3.79
HR7420,10Iot2Cyg,BSC,0,292.4262,51.7297,0.02,0.13,0.005,-20,3.79
HR5788,13Del Ser,BSC,0,233.7004,10.5375,-0.074,-0.005,0.021,-38,3.8
HR5789,13Del Ser,BSC,0,233.7004,10.5392,-0.074,0.012,0.021,-42,3.8
HR4058,41Gam2Leo,BSC,0,154.9942,19.8406,0.312,-0.169,0.022,-36,3.8
HR941,27Kap Per,BSC,0,47.3742,44.8572,0.177,-0.157,0.033,29,3.8
HR6588,85Iot Her,BSC,0,264.8662,46.0064,-0.005,0.005,0.005,-20,3.8
HR3888,29Ups UMa,BSC,0,147.7475,59.0386,-0.293,-0.151,0.041,27,3.8
HR2035,15Del Lep,BSC,0,87.8304,-20.8792,0.227,-0.649,0.022,99,3.81
HR4094,42Mu  Hya,BSC,0,156.5225,-16.8364,-0.128,-0.08,0.018,40,3.81
HR1931,48Sig Ori,BSC,0,84.6867,-2.6,0.002,0.001,0.007,29,3.81
HR4114,,BSC,0,156.9696,-58.7394,-0.013,0,0.01,9,3.82
HR1464,52Ups2Eri,BSC,0,68.8875,-30.5622,-0.045,-0.012,-0.014,-4,3.82
HR6149,10Lam Oph,BSC,0,247.7283,1.9839,-0.027,-0.073,0.01,-14,3.82
HR7536,7Del Sge,BSC,0,296.8471,18.5342,0.007,0.008,0.001,3,3.82
HR3690,38    Lyn,BSC,0,139.7112,36.8025,-0.03,-0.122,0.042,4,3.82
HR8961,16Lam And,BSC,0,354.3912,46.4581,0.162,-0.421,0.05,7,3.82
HR5470,Alp Aps,BSC,0,221.965,-79.0447,-0.012,-0.015,0.029,-1,3.83
HR5248,Phi Cen,BSC,0,209.5679,-42.1008,-0.024,-0.021,,6,3.83
HR6779,103Omi Her,BSC,0,271.8858,28.7625,0.001,0.009,0.005,-30,3.83
HR1131,38Omi Per,BSC,0,56.0796,32.2883,0.007,-0.011,0.023,19,3.83
HR4247,46    LMi,BSC,0,163.3279,34.215,0.087,-0.278,0.024,16,3.83
HR7582,63Eps Dra,BSC,0,297.0433,70.2678,0.082,0.037,0.016,3,3.83
HR3571,,BSC,0,133.7617,-60.6447,-0.021,0.038,,25,3.84
HR4167,,BSC,0,159.3254,-48.2258,-0.155,-0.017,0.04,19,3.84
HR3445,,BSC,0,130.1567,-46.6489,0,0.003,0.031,25,3.84
HR8518,48Gam Aqr,BSC,0,335.4142,-1.3872,0.132,0.007,0.046,-15,3.84
HR1411,77The1Tau,BSC,0,67.1438,15.9622,0.103,-0.027,0.038,40,3.84
HR6895,109    Her,BSC,0,275.9246,21.7697,0.196,-0.242,0.025,-58,3.84
HR5849,8Gam CrB,BSC,0,235.6858,26.2956,-0.105,0.045,0.033,-11,3.84
HR4434,1Lam Dra,BSC,0,172.8508,69.3311,-0.039,-0.017,0.026,7,3.84
HR1175,Bet Ret,BSC,0,56.05,-64.8069,0.313,0.076,0.042,51,3.85
HR6030,Del TrA,BSC,0,243.8596,-63.6856,0.002,-0.011,0.029,-5,3.85
HR2020,Bet Pic,BSC,0,86.8213,-51.0664,0.011,0.085,0.061,20,3.85
HR4023,,BSC,0,153.6842,-42.1219,-0.145,0.045,0.034,7,3.85
HR2296,Del Col,BSC,0,95.5283,-33.4364,-0.024,-0.055,0.019,-3,3.85
HR2749,28Ome CMa,BSC,0,108.7029,-26.7728,-0.008,0.006,,26,3.85
HR6973,Alp Sct,BSC,0,278.8017,-8.2442,-0.015,-0.312,0.016,36,3.85
HR4133,47Rho Leo,BSC,0,158.2029,9.3067,-0.007,-0.003,0.011,42,3.85
HR5933,41Gam Ser,BSC,0,239.1133,15.6617,0.312,-1.281,0.069,7,3.85
HR4802,Tau Cen,BSC,0,189.4258,-48.5411,-0.184,-0.005,0.024,5,3.86
HR1326,Alp Hor,BSC,0,63.5004,-42.2944,0.046,-0.209,0.026,22,3.86
HR6812,13Mu  Sgr,BSC,0,273.4408,-21.0589,0.002,0.001,0.012,-6,3.86
HR6695,91The Her,BSC,0,269.0633,37.2506,0.004,0.006,0.002,-27,3.86
HR4773,Gam Mus,BSC,0,188.1167,-72.1331,-0.058,-0.002,,3,3.87
HR5646,Kap1Lup,BSC,0,227.9837,-48.7378,-0.095,-0.049,,-6,3.87
HR5249,Ups1Cen,BSC,0,209.67,-44.8036,-0.025,-0.024,,5,3.87
HR1862,Eps Col,BSC,0,82.8029,-35.4706,0.022,-0.035,0.008,-5,3.87
HR963,Alp For,BSC,0,48.0179,-28.9869,0.339,0.64,0.075,-21,3.87
HR2580,16Omi1CMa,BSC,0,103.5329,-24.1839,-0.008,0.013,0.002,36,3.87
HR1481,53    Eri,BSC,0,69.545,-14.3039,-0.075,-0.156,0.044,42,3.87
HR1149,20    Tau,BSC,0,56.4567,24.3678,0.02,-0.046,,8,3.87
HR269,37Mu  And,BSC,0,14.1883,38.4994,0.152,0.033,0.039,8,3.87
HR4787,5Kap Dra,BSC,0,188.3708,69.7883,-0.059,0.012,0.013,-11,3.87
HR25,Eps Phe,BSC,0,2.3529,-45.7475,0.124,-0.181,0.066,-9,3.88
HR5089,,BSC,0,202.7612,-39.4075,-0.012,-0.015,0.012,-2,3.88
HR5928,5Rho Sco,BSC,0,239.2213,-29.2142,-0.013,-0.025,,0,3.88
HR5487,107Mu  Vir,BSC,0,220.765,-5.6583,0.109,-0.316,0.045,5,3.88
HR3665,22The Hya,BSC,0,138.5912,2.3142,0.129,-0.31,0.027,-10,3.88
HR3905,24Mu  Leo,BSC,0,148.1908,26.0069,-0.216,-0.056,0.025,14,3.88
HR6102,Gam Aps,BSC,0,248.3625,-78.8972,-0.131,-0.076,0.056,5,3.89
HR4390,Pi  Cen,BSC,0,170.2517,-54.4911,-0.036,-0.006,0.011,9,3.89
HR874,3Eta Eri,BSC,0,44.1071,-8.8981,0.079,-0.22,0.033,-20,3.89
HR4689,15Eta Vir,BSC,0,184.9767,-0.6669,-0.063,-0.018,0.016,2,3.89
HR7615,21Eta Cyg,BSC,0,299.0767,35.0833,-0.032,-0.027,0.015,-27,3.89
HR6092,22Tau Her,BSC,0,244.935,46.3133,-0.011,0.04,0.03,-14,3.89
HR8820,Iot Gru,BSC,0,347.59,-45.2467,0.136,-0.03,0.03,-4,3.9
HR3314,,BSC,0,126.415,-3.9064,-0.066,-0.023,0.026,10,3.9
HR7570,55Eta Aql,BSC,0,298.1183,1.0056,0.011,-0.007,0.01,-15,3.9
HR4337,,BSC,0,167.1475,-58.975,-0.007,0,-0.001,7,3.91
HR4743,Sig Cen,BSC,0,187.01,-50.2306,-0.03,-0.015,,8,3.91
HR3487,,BSC,0,131.5071,-46.0417,-0.001,0,0.003,24,3.91
HR5787,38Gam Lib,BSC,0,233.8817,-14.7894,0.065,0.009,0.041,-28,3.91
HR3845,35Iot Hya,BSC,0,144.9642,-1.1428,0.049,-0.064,0.026,23,3.91
HR1251,38Nu  Tau,BSC,0,60.7892,5.9892,0.005,-0.003,0.03,-6,3.91
HR338,Zet Phe,BSC,0,17.0963,-55.2458,0.019,0.025,0.013,15,3.92
HR8131,8Alp Equ,BSC,0,318.9558,5.2478,0.059,-0.088,0.021,-16,3.92
HR6324,58Eps Her,BSC,0,255.0725,30.9264,-0.047,0.028,0.028,-25,3.92
HR7340,44Rho1Sgr,BSC,0,290.4183,-17.8472,-0.024,0.024,0.042,1,3.93
HR2970,26Alp Mon,BSC,0,115.3117,-9.5511,-0.073,-0.019,0.024,11,3.93
HR1463,48Nu  Eri,BSC,0,69.0796,-3.3525,0.002,-0.005,,15,3.93
HR100,Kap Phe,BSC,0,6.5508,-43.68,0.109,0.029,0.072,11,3.94
HR4399,78Iot Leo,BSC,0,170.9812,10.5292,0.168,-0.075,0.052,-10,3.94
HR3461,47Del Cnc,BSC,0,131.1712,18.1542,-0.018,-0.228,0.025,17,3.94
HR8028,58Nu  Cyg,BSC,0,314.2933,41.1672,0.012,-0.016,0.01,-28,3.94
HR3024,Zet Vol,BSC,0,115.455,-72.6061,0.03,0.018,0.017,48,3.95
HR440,Del Phe,BSC,0,22.8129,-49.0728,0.142,0.151,0.031,-7,3.95
HR5883,5Chi Lup,BSC,0,237.7396,-33.6272,-0.006,-0.03,,5,3.95
HR2429,7Nu 2CMa,BSC,0,99.1708,-19.2558,0.059,-0.062,0.058,3,3.95
HR8667,47Lam Peg,BSC,0,341.6329,23.5656,0.058,-0.01,0.042,-4,3.95
HR854,18Tau Per,BSC,0,43.5646,52.7625,0,-0.005,0.019,2,3.95
HR5055,79Zet UMa,BSC,0,200.985,54.9217,0.119,-0.028,0.047,-9,3.95
HR7590,Eps Pav,BSC,0,300.1479,-72.9106,0.074,-0.132,0.016,-2,3.96
HR4638,Rho Cen,BSC,0,182.9129,-52.3686,-0.035,-0.016,0.032,15,3.96
HR2120,Eta Col,BSC,0,89.7867,-42.8153,0.022,-0.014,0.019,17,3.96
HR1393,43    Eri,BSC,0,66.0092,-34.0169,0.069,0.051,-0.008,24,3.96
HR2538,13Kap CMa,BSC,0,102.4604,-32.5086,-0.007,0.004,,14,3.96
HR2996,3    Pup,BSC,0,115.9521,-28.9547,0.002,0.005,,25,3.96
HR5993,9Ome1Sco,BSC,0,241.7017,-20.6692,-0.009,-0.021,,-3,3.96
HR3663,,BSC,0,137.8192,-62.3172,-0.043,0.009,,18,3.97
HR8556,Del1Gru,BSC,0,337.3175,-43.4956,0.028,-0.005,0.024,5,3.97
HR7348,Alp Sgr,BSC,0,290.9717,-40.6161,0.03,-0.123,,-1,3.97
HR3438,Bet Pyx,BSC,0,130.0258,-35.3083,0.012,-0.022,0.018,-13,3.97
HR8892,98    Aqr,BSC,0,350.7425,-20.1006,-0.12,-0.096,0.036,-7,3.97
HR6714,67    Oph,BSC,0,270.1613,2.9317,0.002,-0.008,-0.002,-4,3.97
HR2012,32Nu  Aur,BSC,0,87.8725,39.1486,-0.005,0.007,0.017,10,3.97
HR3579,,BSC,0,135.16,41.7828,-0.44,-0.246,0.07,26,3.97
HR2803,Del Vol,BSC,0,109.2075,-67.9572,-0.007,0.005,0.004,23,3.98
HR2227,5Gam Mon,BSC,0,93.7138,-6.2747,-0.008,-0.019,0.013,-5,3.98
HR7751,32    Cyg,BSC,0,303.8679,47.7144,0.001,0.008,0.014,-14,3.98
HR580,50    Cas,BSC,0,30.8587,72.4214,-0.045,0.022,,-14,3.98
HR8848,Gam Tuc,BSC,0,349.3575,-58.2358,-0.029,0.079,0.043,18,3.99
HR4102,,BSC,0,156.0988,-74.0317,-0.021,-0.026,0.086,-4,4
HR3615,Alp Vol,BSC,0,135.6117,-66.3961,-0.002,-0.096,0.051,5,4
HR868,,BSC,0,43.4704,-49.8903,0.135,0.014,0.013,60,4
HR5471,,BSC,0,220.49,-37.7936,-0.023,-0.032,,1,4
HR585,59Ups Cet,BSC,0,30.0012,-21.0778,0.135,-0.024,0.007,18,4
HR6982,Zet Pav,BSC,0,280.7588,-71.4281,-0.005,-0.156,0.035,-16,4.01
HR7337,Bet1Sgr,BSC,0,290.6596,-44.4589,0.009,-0.02,,-11,4.01
HR3518,Gam Pyx,BSC,0,132.6329,-27.71,-0.13,0.087,0.033,25,4.01
HR6027,14Nu  Sco,BSC,0,242.9987,-19.4606,-0.01,-0.023,0.03,2,4.01
HR8679,71Tau2Aqr,BSC,0,342.3979,-13.5925,-0.012,-0.038,0.021,1,4.01
HR9072,28Ome Psc,BSC,0,359.8279,6.8633,0.153,-0.115,0.018,2,4.01
HR7834,41    Cyg,BSC,0,307.3488,30.3686,0.007,0,0.014,-18,4.01
HR664,9Gam Tri,BSC,0,34.3288,33.8472,0.047,-0.051,0.039,14,4.01
HR5062,80    UMa,BSC,0,201.3062,54.9881,0.118,-0.016,0.045,-9,4.01
HR5986,13The Dra,BSC,0,240.4721,58.5653,-0.32,0.335,0.051,-9,4.01
HR6072,Gam2Nor,BSC,0,244.96,-50.1556,-0.155,-0.053,0.044,-29,4.02
HR4623,1Alp Crv,BSC,0,182.1033,-24.7289,0.086,-0.04,0.07,4,4.02
HR7193,12    Aql,BSC,0,285.42,-5.7389,-0.019,-0.033,0.021,-44,4.02
HR1520,57Mu  Eri,BSC,0,71.3754,-3.2547,0.016,-0.013,,9,4.02
HR8597,62Eta Aqr,BSC,0,338.8392,-0.1175,0.091,-0.056,0.025,-8,4.02
HR7176,13Eps Aql,BSC,0,284.9058,15.0683,-0.051,-0.073,0.028,-48,4.02
HR3475,48Iot Cnc,BSC,0,131.6742,28.76,-0.025,-0.042,0.017,16,4.02
HR8252,73Rho Cyg,BSC,0,323.4954,45.5919,-0.023,-0.094,0.002,7,4.02
HR4898,Mu 1Cru,BSC,0,193.6483,-57.1778,-0.033,-0.006,,14,4.03
HR6752,70    Oph,BSC,0,271.3637,2.4994,0.266,-1.093,0.201,-7,4.03
HR4517,3Nu  Vir,BSC,0,176.465,6.5294,-0.018,-0.184,0.014,51,4.03
HR7852,2Eps Del,BSC,0,308.3033,11.3033,0.013,-0.022,0.025,-19,4.03
HR1603,10Bet Cam,BSC,0,75.8546,60.4422,-0.006,-0.016,0.009,-2,4.03
HR4679,Zet Cru,BSC,0,184.6087,-64.0031,-0.05,-0.01,,16,4.04
HR1298,38Omi1Eri,BSC,0,62.9663,-6.8375,0.01,0.082,0.033,11,4.04
HR1228,46Xi  Per,BSC,0,59.7412,35.7911,0.002,0,-0.004,70,4.04
HR7157,13    Lyr,BSC,0,283.8337,43.9461,0.023,0.083,0,-28,4.04
HR1273,48    Per,BSC,0,62.1654,47.7125,0.021,-0.03,0.02,1,4.04
HR5453,Rho Lup,BSC,0,219.4717,-49.4258,-0.024,-0.031,,8,4.05
HR5626,Lam Lup,BSC,0,227.2108,-45.2797,-0.016,-0.019,0.012,10,4.05
HR5367,Psi Cen,BSC,0,215.1392,-37.8853,-0.063,-0.012,0.003,-5,4.05
HR5485,,BSC,0,220.9142,-35.1736,-0.064,-0.18,0.014,-38,4.05
HR4386,77Sig Leo,BSC,0,170.2842,6.0294,-0.092,-0.012,0.001,-5,4.05
HR937,Iot Per,BSC,0,47.2667,49.6133,1.263,-0.091,0.084,50,4.05
HR5404,23The Boo,BSC,0,216.2992,51.8508,-0.236,-0.397,0.072,-11,4.05
HR6295,Eps1Ara,BSC,0,254.8963,-53.1606,0.004,0.017,0.005,23,4.06
HR215,34Zet And,BSC,0,11.8346,24.2672,-0.1,-0.083,0.037,-24,4.06
HR2905,69Ups Gem,BSC,0,113.9804,26.8958,-0.034,-0.106,0.014,-21,4.06
HR3318,Alp Cha,BSC,0,124.6317,-76.9197,0.11,0.108,0.053,-14,4.07
HR5670,Bet Cir,BSC,0,229.3783,-58.8011,-0.1,-0.137,0.053,10,4.07
HR3477,,BSC,0,131.1,-42.6492,-0.012,0.018,0.051,-2,4.07
HR8075,23The Cap,BSC,0,316.4867,-17.2328,0.083,-0.06,0.017,-11,4.07
HR2574,14The CMa,BSC,0,103.5475,-12.0386,-0.137,-0.013,0.022,97,4.07
HR779,82Del Cet,BSC,0,39.8708,0.3286,0.014,-0.004,0.001,13,4.07
HR1580,9Omi2Ori,BSC,0,74.0929,13.5144,-0.074,-0.047,0.019,1,4.07
HR5200,5Ups Boo,BSC,0,207.3692,15.7978,-0.095,0.042,0.011,-6,4.07
HR496,Phi Per,BSC,0,25.915,50.6886,0.026,-0.014,0.025,1,4.07
HR3825,,BSC,0,143.6113,-59.2294,-0.012,0.014,,22,4.08
HR4287,7Alp Crt,BSC,0,164.9438,-18.2989,-0.46,0.13,0.031,47,4.08
HR4405,15Gam Crt,BSC,0,171.2204,-17.6839,-0.098,0.004,0.028,1,4.08
HR5338,99Iot Vir,BSC,0,214.0038,-6.0006,-0.004,-0.432,0.043,12,4.08
HR8173,1    Peg,BSC,0,320.5217,19.8044,0.106,0.064,0.014,-76,4.08
HR8316,Mu  Cep,BSC,0,325.8767,58.78,0.003,-0.003,0.003,19,4.08
HR705,Del Hyi,BSC,0,35.4371,-68.6594,-0.05,0.002,0.05,6,4.09
HR919,11Tau3Eri,BSC,0,45.5979,-23.6244,-0.145,-0.054,0.059,-10,4.09
HR1907,40Phi2Ori,BSC,0,84.2262,9.2906,0.091,-0.305,0.03,99,4.09
HR5879,35Kap Ser,BSC,0,237.185,18.1417,-0.051,-0.088,0.021,-39,4.09
HR458,50Ups And,BSC,0,24.1992,41.4056,-0.171,-0.382,0.062,-28,4.09
HR4174,Gam Cha,BSC,0,158.8671,-78.6078,-0.042,0.014,0.009,-22,4.11
HR806,Eps Hyi,BSC,0,39.8975,-68.2669,0.086,-0.002,,6,4.11
HR4671,Eps Mus,BSC,0,184.3921,-67.9608,-0.244,-0.025,0.046,7,4.11
HR5771,Eps TrA,BSC,0,234.18,-66.3169,0.023,-0.055,0.038,-16,4.11
HR4522,,BSC,0,176.6283,-61.1783,-0.027,-0.015,0.011,-3,4.11
HR3055,,BSC,0,117.3096,-46.3733,0,0.006,,24,4.11
HR8560,Del2Gru,BSC,0,337.4396,-43.7494,-0.007,0,-0.005,2,4.11
HR794,Iot Eri,BSC,0,40.1667,-39.8556,0.138,-0.032,0.038,-9,4.11
HR7259,Bet CrA,BSC,0,287.5071,-39.3408,0.003,-0.038,0.016,3,4.11
HR7254,Alp CrA,BSC,0,287.3679,-37.9044,0.084,-0.098,0.036,-18,4.11
HR7980,18Ome Cap,BSC,0,312.9554,-26.9192,-0.006,-0.001,0.001,9,4.11
HR1066,5    Tau,BSC,0,52.7183,12.9367,0.02,-0.002,-0.012,15,4.11
HR8747,Zet Gru,BSC,0,345.22,-52.7542,-0.067,-0.014,0.039,-1,4.12
HR2657,23Gam CMa,BSC,0,105.9396,-15.6333,-0.002,-0.008,,32,4.12
HR3903,39Ups1Hya,BSC,0,147.8696,-14.8467,0.017,-0.026,0.021,-15,4.12
HR4608,9Omi Vir,BSC,0,181.3021,8.7331,-0.22,0.046,0.039,-30,4.12
HR2124,61Mu  Ori,BSC,0,90.5958,9.6475,0.015,-0.028,0.028,45,4.12
HR799,13The Per,BSC,0,41.05,49.2283,0.336,-0.089,0.077,25,4.12
HR6905,Zet Tel,BSC,0,277.2079,-49.0708,0.144,-0.242,0.027,-31,4.13
HR7581,Iot Sgr,BSC,0,298.8154,-41.8683,0.017,0.056,0.035,36,4.13
HR8969,17Iot Psc,BSC,0,354.9875,5.6264,0.378,-0.438,0.075,5,4.13
HR8315,10Kap Peg,BSC,0,326.1613,25.645,0.034,0.01,0.035,-8,4.13
HR8498,1    Lac,BSC,0,333.9925,37.7489,0.013,0.004,0.003,-8,4.13
HR3426,,BSC,0,129.4113,-42.9892,-0.006,0.008,0.018,19,4.14
HR7936,16Psi Cap,BSC,0,311.5237,-25.2708,-0.05,-0.157,0.098,26,4.14
HR1784,29    Ori,BSC,0,80.9867,-7.8081,-0.015,-0.043,0.011,-18,4.14
HR5778,4The CrB,BSC,0,233.2325,31.3592,-0.019,-0.011,0.027,-25,4.14
HR8976,19Kap And,BSC,0,355.1021,44.3339,0.083,-0.019,0.018,-9,4.14
HR1303,51Mu  Per,BSC,0,63.7246,48.4094,0.005,-0.018,0.017,8,4.14
HR8630,Bet Oct,BSC,0,341.5138,-81.3817,-0.067,-0.001,,24,4.15
HR4616,Eta Cru,BSC,0,181.7204,-64.6136,0.033,-0.037,0.053,9,4.15
HR5908,46The Lib,BSC,0,238.4563,-16.7294,0.099,0.133,0.036,3,4.15
HR2714,22Del Mon,BSC,0,107.9662,-0.4928,-0.001,0.005,0.016,15,4.15
HR2343,18Nu  Gem,BSC,0,97.2408,20.2122,-0.007,-0.014,0.009,39,4.15
HR5947,13Eps CrB,BSC,0,239.3971,26.8778,-0.076,-0.061,0.024,-31,4.15
HR6166,,BSC,0,249.0938,-35.2556,0.022,0,0.022,-2,4.16
HR8499,43The Aqr,BSC,0,334.2083,-7.7833,0.121,-0.022,0.021,-15,4.16
HR3410,4Del Hya,BSC,0,129.4142,5.7036,-0.066,-0.007,0.033,11,4.16
HR2134,1    Gem,BSC,0,91.03,23.2633,-0.008,-0.1,0.031,20,4.16
HR130,15Kap Cas,BSC,0,8.25,62.9317,0.003,-0.003,,-2,4.16
HR1195,,BSC,0,57.3638,-36.2003,-0.046,-0.051,0.025,2,4.17
HR8628,18Eps PsA,BSC,0,340.1642,-27.0436,0.03,-0.001,,3,4.17
HR6486,44    Oph,BSC,0,261.5925,-24.1753,0,-0.116,0.045,-37,4.17
HR1156,23    Tau,BSC,0,56.5817,23.9483,0.021,-0.045,,6,4.18
HR2852,62Rho Gem,BSC,0,112.2779,31.7844,0.155,0.175,0.062,-4,4.18
HR5351,19Lam Boo,BSC,0,214.0958,46.0883,-0.187,0.161,0.045,-8,4.18
HR5192,2    Cen,BSC,0,207.3613,-34.4508,-0.042,-0.057,0.031,41,4.19
HR5315,98Kap Vir,BSC,0,213.2242,-10.2736,0.008,0.14,0.022,-4,4.19
HR8665,46Xi  Peg,BSC,0,341.6733,12.1728,0.235,-0.498,0.052,-5,4.19
HR7061,110    Her,BSC,0,281.4154,20.5464,-0.008,-0.335,0.052,24,4.19
HR8494,23Eps Cep,BSC,0,333.7583,57.0436,0.447,0.048,0.041,-1,4.19
HR3102,11    Pup,BSC,0,119.2146,-22.88,-0.026,0.009,0.023,14,4.2
HR1839,32    Ori,BSC,0,82.6963,5.9481,0.012,-0.034,0.005,19,4.2
HR6168,35Sig Her,BSC,0,248.5258,42.4369,-0.011,0.046,0.01,-11,4.2
HR8720,23Del PsA,BSC,0,343.9871,-32.5397,0.018,0.031,0.021,-12,4.21
HR8841,91Psi1Aqr,BSC,0,348.9729,-9.0878,0.372,-0.016,0.049,-26,4.21
HR1949,50Zet Ori,BSC,0,85.19,-1.9428,0.004,-0.002,0.024,13,4.21
HR4100,31Bet LMi,BSC,0,156.9708,36.7072,-0.118,-0.101,0.022,6,4.21
HR1035,,BSC,0,52.2671,59.9403,-0.003,-0.004,,-7,4.21
HR8181,Gam Pav,BSC,0,321.6108,-65.3661,0.079,0.799,0.111,-30,4.22
HR7074,Lam Pav,BSC,0,283.0542,-62.1875,-0.006,-0.014,,9,4.22
HR8834,90Phi Aqr,BSC,0,348.5808,-6.0489,0.042,-0.196,0.01,0,4.22
HR7063,Bet Sct,BSC,0,281.7938,-4.7478,-0.004,-0.016,0.019,-22,4.22
HR1387,65Kap1Tau,BSC,0,66.3421,22.2939,0.096,-0.048,0.025,40,4.22
HR7942,52    Cyg,BSC,0,311.4154,30.7197,-0.01,0.028,0.015,-1,4.22
HR7850,2The Cep,BSC,0,307.3954,62.9942,0.044,-0.013,0.038,-7,4.22
HR6920,43Phi Dra,BSC,0,275.1896,71.3378,-0.004,0.04,0.012,-16,4.22
HR77,Zet Tuc,BSC,0,5.0179,-64.8747,1.705,1.164,0.134,9,4.23
HR5987,The Lup,BSC,0,241.6479,-36.8022,-0.017,-0.029,,15,4.23
HR6143,,BSC,0,247.8454,-34.7044,-0.009,-0.017,,1,4.23
HR5168,1    Cen,BSC,0,206.4217,-33.0439,-0.462,-0.146,0.051,-22,4.23
HR1173,27Tau6Eri,BSC,0,56.7121,-23.2497,-0.158,-0.529,0.059,7,4.23
HR7564,Chi Cyg,BSC,0,297.6412,32.9142,-0.027,-0.04,0.012,-2,4.23
HR840,16    Per,BSC,0,42.6463,38.3186,0.197,-0.105,0.024,14,4.23
HR8143,67Sig Cyg,BSC,0,319.3542,39.3947,0.001,-0.003,0.011,-4,4.23
HR1087,37Psi Per,BSC,0,54.1225,48.1928,0.024,-0.026,,-1,4.23
HR8335,81Pi 2Cyg,BSC,0,326.6983,49.3094,0.004,-0.002,-0.001,-12,4.23
HR6322,22Eps UMi,BSC,0,251.4921,82.0372,0.017,0.006,0.01,-11,4.23
HR6163,Bet Aps,BSC,0,250.7692,-77.5175,-0.287,-0.35,0.034,-30,4.24
HR3090,,BSC,0,118.3258,-48.1031,0.004,0.001,,41,4.24
HR7747,5Alp1Cap,BSC,0,304.4121,-12.5083,0.023,0.001,0.006,-26,4.24
HR1338,Gam Dor,BSC,0,64.0067,-51.4867,0.106,0.182,0.061,25,4.25
HR721,Kap Eri,BSC,0,36.7463,-47.7039,0.023,-0.01,,28,4.25
HR4104,Alp Ant,BSC,0,156.7879,-31.0678,-0.075,0.011,0.024,12,4.25
HR811,89Pi  Cet,BSC,0,41.0308,-13.8586,-0.008,-0.015,,15,4.25
HR1458,88    Tau,BSC,0,68.9137,10.1608,0.055,-0.046,0.036,29,4.25
HR3572,65Alp Cnc,BSC,0,134.6217,11.8578,0.034,-0.031,0.024,-14,4.25
HR1454,58    Per,BSC,0,69.1725,41.2647,-0.005,-0.016,0.016,5,4.25
HR3275,31    Lyn,BSC,0,125.7087,43.1881,-0.021,-0.096,0.023,24,4.25
HR335,42Phi And,BSC,0,17.3758,47.2419,0.01,-0.009,0.003,0,4.25
HR5430,5    UMi,BSC,0,216.8813,75.6961,0.009,0.023,0.019,10,4.25
HR285,,BSC,0,17.1863,86.2569,0.076,-0.012,,9,4.25
HR4674,Bet Cha,BSC,0,184.5862,-79.3122,-0.048,0.017,,23,4.26
HR6581,56Omi Ser,BSC,0,265.3538,-12.8753,-0.069,-0.052,0.006,-30,4.26
HR5264,93Tau Vir,BSC,0,210.4117,1.5444,0.018,-0.021,0.024,-2,4.26
HR510,110Omi Psc,BSC,0,26.3483,9.1578,0.073,0.048,0.023,14,4.26
HR4983,43Bet Com,BSC,0,197.9683,27.8781,-0.801,0.882,0.12,6,4.26
HR4785,8Bet CVn,BSC,0,188.4354,41.3575,-0.705,0.292,0.117,7,4.26
HR6023,11Phi Her,BSC,0,242.1925,44.935,-0.025,0.038,0.02,-16,4.26
HR2091,35Pi  Aur,BSC,0,89.9837,45.9369,0,-0.005,0.003,1,4.26
HR4942,Xi 2Cen,BSC,0,196.7275,-49.9061,-0.026,-0.012,,14,4.27
HR5683,Mu  Lup,BSC,0,229.6333,-47.875,-0.026,-0.038,0.013,15,4.27
HR3206,Gam1Vel,BSC,0,122.3721,-47.3458,-0.004,-0.005,,20,4.27
HR1008,,BSC,0,49.9821,-43.0697,3.043,0.725,0.156,87,4.27
HR4889,,BSC,0,193.3592,-40.1789,0.063,-0.022,0.056,-3,4.27
HR1088,19Tau5Eri,BSC,0,53.4471,-21.6328,0.048,-0.027,,14,4.27
HR8418,33Iot Aqr,BSC,0,331.6092,-13.8697,0.042,-0.056,,-10,4.27
HR1679,69Lam Eri,BSC,0,77.2867,-8.7542,0.002,-0.004,-0.003,3,4.27
HR813,87Mu  Cet,BSC,0,41.2354,10.1142,0.284,-0.036,0.046,30,4.27
HR1473,90    Tau,BSC,0,69.5396,12.5108,0.103,-0.013,0.024,45,4.27
HR7948,12Gam2Del,BSC,0,311.6646,16.1242,-0.032,-0.197,0.026,-7,4.27
HR4180,,BSC,0,159.8267,-55.6033,-0.019,0.005,0.023,20,4.28
HR8787,The Gru,BSC,0,346.72,-43.5206,-0.039,-0.023,0.017,10,4.28
HR4552,Bet Hya,BSC,0,178.2275,-33.9081,-0.05,0.005,0.01,-1,4.28
HR8167,32Iot Cap,BSC,0,320.5617,-16.8344,0.033,0.004,0.033,12,4.28
HR6147,8Phi Oph,BSC,0,247.7846,-16.6128,-0.051,-0.035,0.014,-34,4.28
HR1101,10    Tau,BSC,0,54.2183,0.4017,-0.233,-0.483,0.054,28,4.28
HR8916,10The Psc,BSC,0,351.9921,6.3789,-0.121,-0.045,0.016,6,4.28
HR294,71Eps Psc,BSC,0,15.7358,7.89,-0.078,0.023,0.027,7,4.28
HR718,73Xi 2Cet,BSC,0,37.0396,8.46,0.04,-0.009,0.03,11,4.28
HR1392,69Ups Tau,BSC,0,66.5771,22.8136,0.107,-0.046,0.036,35,4.28
HR1497,94Tau Tau,BSC,0,70.5612,22.9569,-0.002,-0.016,0.017,15,4.28
HR2973,75Sig Gem,BSC,0,115.8279,28.8836,0.065,-0.232,0.018,46,4.28
HR7343,Bet2Sgr,BSC,0,290.805,-44.7997,0.097,-0.054,0.03,19,4.29
HR6546,,BSC,0,264.1367,-38.6353,-0.012,-0.201,0.018,-49,4.29
HR8576,17Bet PsA,BSC,0,337.8763,-32.3461,0.065,-0.018,0.021,6,4.29
HR6492,45    Oph,BSC,0,261.8387,-29.8669,0.02,-0.139,0.021,37,4.29
HR1756,6Lam Lep,BSC,0,79.8938,-13.1767,-0.001,-0.003,0,20,4.29
HR1320,49Mu  Tau,BSC,0,63.8838,8.8922,0.021,-0.024,,17,4.29
HR1389,68Del3Tau,BSC,0,66.3725,17.9281,0.108,-0.028,0.019,35,4.29
HR8454,29Pi 2Peg,BSC,0,332.4967,33.1783,-0.014,-0.021,0.007,2,4.29
HR8965,17Iot And,BSC,0,354.5342,43.2681,0.029,-0.001,0.011,-1,4.29
HR1261,47Lam Per,BSC,0,61.6458,50.3514,-0.015,-0.036,,6,4.29
HR8334,10Nu  Cep,BSC,0,326.3621,61.1208,-0.003,-0.003,0.013,-21,4.29
HR8417,17Xi  Cep,BSC,0,330.9475,64.6278,0.209,0.085,0.032,-6,4.29
HR1542,9Alp Cam,BSC,0,73.5125,66.3428,0,0.006,-0.002,6,4.29
HR3751,,BSC,0,144.2717,81.3264,-0.019,-0.014,0.017,-5,4.29
HR4471,91Ups Leo,BSC,0,174.2371,-0.8239,0.004,0.043,0.019,1,4.3
HR3454,7Eta Hya,BSC,0,130.8062,3.3986,-0.019,-0.001,,17,4.3
HR1145,19    Tau,BSC,0,56.3021,24.4672,0.018,-0.045,,6,4.3
HR7139,12Del2Lyr,BSC,0,283.6258,36.8989,-0.009,0.01,-0.001,-26,4.3
HR7740,33    Cyg,BSC,0,303.3496,56.5678,0.063,0.083,0.021,-18,4.3
HR280,Alp Scl,BSC,0,14.6517,-29.3575,0.022,0.004,,10,4.31
HR4775,8Eta Crv,BSC,0,188.0175,-16.1961,-0.426,-0.061,0.052,-4,4.31
HR3773,4Lam Leo,BSC,0,142.93,22.9681,-0.021,-0.033,0.02,27,4.31
HR5733,51Mu 1Boo,BSC,0,231.1225,37.3772,-0.146,0.087,0.039,-13,4.31
HR5339,Del Oct,BSC,0,216.7287,-83.6678,-0.105,-0.007,,5,4.32
HR4537,,BSC,0,177.4212,-63.7883,-0.021,0.006,,29,4.32
HR5528,Omi Lup,BSC,0,222.91,-43.5756,-0.02,-0.027,,7,4.32
HR5997,10Ome2Sco,BSC,0,241.8513,-20.8686,0.041,-0.038,0.021,-5,4.32
HR1496,54    Eri,BSC,0,70.1104,-19.6717,0.021,-0.096,0.008,-33,4.32
HR3484,12    Hya,BSC,0,131.5938,-13.5478,0.016,-0.011,0.013,-8,4.32
HR7884,71    Aql,BSC,0,309.5846,-1.1053,0.015,-0.022,0.01,-6,4.32
HR2854,4Gam CMi,BSC,0,112.0408,8.9256,-0.062,0.017,0.019,47,4.32
HR5903,16Zet UMi,BSC,0,236.0146,77.7944,0.02,-0.001,0.016,-13,4.32
HR4599,The1Cru,BSC,0,180.7563,-63.3128,-0.15,0.008,0.021,-2,4.33
HR3457,,BSC,0,130.1542,-59.7611,-0.001,0,,13,4.33
HR5358,,BSC,0,215.0813,-56.3867,-0.014,-0.009,,4,4.33
HR4888,,BSC,0,193.2787,-48.9433,-0.076,-0.03,0.02,-2,4.33
HR5797,Ome Lup,BSC,0,234.5133,-42.5675,-0.153,0.057,0.017,-7,4.33
HR2387,4Xi 1CMa,BSC,0,97.9638,-23.4183,-0.006,0.012,,27,4.33
HR6446,53Nu  Ser,BSC,0,260.2071,-12.8469,0.042,0.004,0.028,5,4.33
HR596,113Alp Psc,BSC,0,30.5117,2.7636,0.033,-0.005,0.005,9,4.33
HR6872,1Kap Lyr,BSC,0,274.9654,36.0644,-0.015,0.043,0.011,-22,4.33
HR343,33The Cas,BSC,0,17.7758,55.1497,0.229,-0.022,0.014,9,4.33
HR3696,,BSC,0,139.0508,-57.5414,-0.014,-0.007,0.025,-5,4.34
HR5260,Ups2Cen,BSC,0,210.4308,-45.6036,0.002,-0.019,0.013,-1,4.34
HR8305,9Iot PsA,BSC,0,326.2367,-33.0258,0.034,-0.094,0.041,2,4.34
HR5686,2    Lup,BSC,0,229.4579,-30.1489,-0.008,-0.01,0.018,-4,4.34
HR3188,29Zet Mon,BSC,0,122.1483,-2.9839,-0.017,-0.005,0.003,30,4.34
HR6498,49Sig Oph,BSC,0,261.6288,4.1403,0.004,0.007,0.008,-27,4.34
HR8313,9    Peg,BSC,0,326.1279,17.35,0.012,-0.013,0.008,-22,4.34
HR3340,The Cha,BSC,0,125.1604,-77.4844,-0.134,0.042,0.036,22,4.35
HR3223,Eps Vol,BSC,0,121.9825,-68.6172,-0.026,0.025,,10,4.35
HR2015,Del Dor,BSC,0,86.1933,-65.7356,-0.031,0.008,0.027,-3,4.35
HR6745,Pi  Pav,BSC,0,272.145,-63.6683,0.013,-0.188,0.036,-16,4.35
HR3836,,BSC,0,144.2067,-49.3553,-0.125,0.025,0.019,21,4.35
HR5396,Tau2Lup,BSC,0,216.545,-45.3794,0.016,-0.008,0.002,-1,4.35
HR898,The2Eri,BSC,0,44.5679,-40.3044,-0.064,0.018,0.035,19,4.35
HR951,57Del Ari,BSC,0,47.9075,19.7267,0.152,-0.011,0.027,25,4.35
HR2219,44Kap Aur,BSC,0,93.8446,29.4981,-0.073,-0.262,0.018,20,4.35
HR2560,15    Lyn,BSC,0,104.3187,58.4225,-0.005,-0.135,0.014,9,4.35
HR6855,Xi  Pav,BSC,0,275.8067,-61.4939,0.001,0.003,0.016,12,4.36
HR191,Eta Phe,BSC,0,10.8383,-57.4631,-0.006,0.011,0.046,2,4.36
HR5285,Chi Cen,BSC,0,211.5117,-41.1797,-0.017,-0.02,,12,4.36
HR2106,Gam Col,BSC,0,89.3842,-35.2833,0,0.009,,24,4.36
HR1705,4Kap Lep,BSC,0,78.3079,-12.9414,-0.014,-0.009,0.034,18,4.36
HR7447,41Iot Aql,BSC,0,294.1804,-1.2864,0.004,-0.018,0.004,-21,4.36
HR3492,13Rho Hya,BSC,0,132.1083,5.8378,-0.017,-0.034,0.014,33,4.36
HR1544,2Pi 2Ori,BSC,0,72.6529,8.9003,0.004,-0.032,0.036,24,4.36
HR7069,111    Her,BSC,0,281.7554,18.1814,0.073,0.116,0.032,-45,4.36
HR6787,102    Her,BSC,0,272.1896,20.8144,-0.001,-0.005,-0.01,-15,4.36
HR1256,37    Tau,BSC,0,61.1738,22.0819,0.09,-0.059,0.013,9,4.36
HR4737,15Gam Com,BSC,0,186.7346,28.2683,-0.083,-0.08,0.003,4,4.36
HR154,29Pi  And,BSC,0,9.2204,33.7194,0.015,-0.004,-0.003,9,4.36
HR7056,6Zet1Lyr,BSC,0,281.1933,37.605,0.028,0.024,0.031,-26,4.36
HR7314,21The Lyr,BSC,0,289.0921,38.1336,-0.001,0.004,0.013,-31,4.36
HR8572,5    Lac,BSC,0,337.3825,47.7069,0.002,0,0.006,-4,4.36
HR1052,35Sig Per,BSC,0,52.6437,47.9953,0.004,0.02,0.004,16,4.36
HR6789,23Del UMi,BSC,0,263.0537,86.5864,0.009,0.056,0.004,-8,4.36
HR126,Bet1Tuc,BSC,0,7.8863,-62.9581,0.09,-0.054,0.03,14,4.37
HR8937,Bet Scl,BSC,0,353.2429,-37.8183,0.087,0.021,,2,4.37
HR7623,The1Sgr,BSC,0,299.9342,-35.2764,0.006,-0.026,,1,4.37
HR2256,Kap Col,BSC,0,94.1379,-35.1406,0,0.086,0.025,24,4.37
HR2596,20Iot CMa,BSC,0,104.0342,-17.0542,-0.003,0.002,0.005,41,4.37
HR649,65Xi 1Cet,BSC,0,33.25,8.8467,-0.022,-0.009,0.022,-4,4.37
HR3980,31    Leo,BSC,0,151.9763,9.9975,-0.08,-0.061,,41,4.37
HR7488,6Bet Sge,BSC,0,295.2621,17.4761,0.01,-0.032,0.011,-22,4.37
HR7479,5Alp Sge,BSC,0,295.0242,18.0139,0.014,-0.021,0,2,4.37
HR163,30Eps And,BSC,0,9.6388,29.3117,-0.227,-0.254,0.031,-84,4.37
HR4963,51The Vir,BSC,0,197.4875,-5.5389,-0.032,-0.033,0.026,-3,4.38
HR6281,25Iot Oph,BSC,0,253.5021,10.1653,-0.051,-0.036,0.029,-21,4.38
HR1845,119    Tau,BSC,0,83.0533,18.5944,0.002,-0.001,0.002,23,4.38
HR8140,The Ind,BSC,0,319.9667,-53.4497,0.105,-0.072,0.043,-15,4.39
HR2435,,BSC,0,98.7442,-52.9756,-0.003,0.007,,23,4.39
HR4293,,BSC,0,165.0388,-42.2258,0.028,0.003,0.003,-5,4.39
HR6445,40Xi  Oph,BSC,0,260.2508,-21.1128,0.232,-0.206,0.061,-9,4.39
HR8906,99    Aqr,BSC,0,351.5117,-20.6419,-0.052,-0.058,0.007,16,4.39
HR8858,93Psi2Aqr,BSC,0,349.4758,-9.1825,0.021,-0.012,,-6,4.39
HR1560,61Ome Eri,BSC,0,73.2237,-5.4528,-0.023,0.021,0.013,-6,4.39
HR3145,,BSC,0,120.5663,2.3344,-0.031,0.105,0.024,71,4.39
HR7298,20Eta Lyr,BSC,0,288.4396,39.1461,0.004,0.002,0.002,-8,4.39
HR7750,1Kap Cep,BSC,0,302.2221,77.7114,0.011,0.024,0.001,-23,4.39
HR8368,Del Ind,BSC,0,329.4796,-54.9925,0.048,-0.007,0.02,15,4.4
HR2554,,BSC,0,102.4638,-53.6222,0,0.03,0.025,26,4.4
HR2782,30Tau CMa,BSC,0,109.6767,-24.9542,-0.009,0.01,,40,4.4
HR3192,16    Pup,BSC,0,122.2567,-19.245,-0.014,-0.002,,19,4.4
HR5601,110    Vir,BSC,0,225.725,2.0914,-0.054,0.016,0.025,-16,4.4
HR8905,68Ups Peg,BSC,0,351.345,23.4042,0.193,0.037,0.036,-11,4.4
HR3129,,BSC,0,119.56,-49.245,-0.011,0.008,,19,4.41
HR555,Psi Phe,BSC,0,28.4117,-46.3025,-0.086,-0.087,0.011,2,4.41
HR8863,Gam Scl,BSC,0,349.7058,-32.5319,0.019,-0.07,0.043,16,4.41
HR5526,58    Hya,BSC,0,222.5721,-27.9603,-0.241,-0.059,0.011,-10,4.41
HR9089,30    Psc,BSC,0,0.49,-6.0142,0.051,-0.041,0.006,-12,4.41
HR1876,37Phi1Ori,BSC,0,83.705,9.4894,0.002,-0.004,0,33,4.41
HR2047,54Chi1Ori,BSC,0,88.5954,20.2761,-0.189,-0.084,0.104,-14,4.41
HR6526,76Lam Her,BSC,0,262.6846,26.1106,0.02,0.018,0.016,-26,4.41
HR6707,94Nu  Her,BSC,0,269.6258,30.1894,0,0.007,0.007,-22,4.41
HR2697,46Tau Gem,BSC,0,107.785,30.2453,-0.03,-0.045,0.007,22,4.41
HR4375,53Xi  UMa,BSC,0,169.5458,31.5292,-0.43,-0.586,0.137,-16,4.41
HR8819,33Pi  Cep,BSC,0,346.9746,75.3875,0.012,-0.03,0.006,-19,4.41
HR5425,Sig Lup,BSC,0,218.1537,-50.4569,-0.043,-0.01,,-2,4.42
HR5378,,BSC,0,215.7592,-39.5122,-0.027,-0.032,,8,4.42
HR6118,7Chi Oph,BSC,0,246.7558,-18.4564,-0.002,-0.022,,-3,4.42
HR1162,26Pi  Eri,BSC,0,56.5354,-12.1017,0.048,0.058,0,46,4.42
HR7951,3    Aqr,BSC,0,311.9342,-5.0278,0.003,-0.04,0.008,-22,4.42
HR8559,55Zet2Aqr,BSC,0,337.2087,-0.02,0.209,0.042,0.022,25,4.42
HR2159,67Nu  Ori,BSC,0,91.8929,14.7683,0.006,-0.021,-0.032,24,4.42
HR4300,60    Leo,BSC,0,165.5825,20.1797,-0.006,0.042,0.017,-10,4.42
HR271,38Eta And,BSC,0,14.3017,23.4175,-0.044,-0.048,0.009,-10,4.42
HR2443,8Nu 3CMa,BSC,0,99.4725,-18.2375,-0.01,-0.007,0.013,-2,4.43
HR1325,40Omi2Eri,BSC,0,63.8179,-7.6528,-2.242,-3.414,0.209,-42,4.43
HR5868,27Lam Ser,BSC,0,236.6108,7.3531,-0.223,-0.067,0.094,-66,4.43
HR224,63Del Psc,BSC,0,12.1708,7.585,0.085,-0.052,0.019,32,4.43
HR5478,30Zet Boo,BSC,0,220.2871,13.7283,0.053,-0.016,0.009,-6,4.43
HR7928,11Del Del,BSC,0,310.8646,15.0744,-0.019,-0.043,0.013,9,4.43
HR7806,39    Cyg,BSC,0,305.9654,32.19,0.049,-0.005,0.014,-15,4.43
HR8146,66Ups Cyg,BSC,0,319.4796,34.8969,0.014,-0.002,0.019,4,4.43
HR8538,3Bet Lac,BSC,0,335.89,52.2292,-0.013,-0.186,0.021,-10,4.43
HR7107,Kap Pav,BSC,0,284.2375,-67.2336,-0.01,0.012,0.01,38,4.44
HR1355,Eps Ret,BSC,0,64.1204,-59.3019,-0.051,-0.164,0.067,29,4.44
HR3243,,BSC,0,123.5121,-40.3481,0.047,-0.068,0.01,14,4.44
HR48,7    Cet,BSC,0,3.66,-18.9328,-0.024,-0.067,0.029,-23,4.44
HR3418,5Sig Hya,BSC,0,129.6892,3.3414,-0.018,-0.018,0.035,25,4.44
HR2298,8Eps Mon,BSC,0,95.9421,4.5928,-0.018,0.011,0.025,15,4.44
HR489,106Nu  Psc,BSC,0,25.3579,5.4875,-0.021,0.002,0.041,0,4.44
HR7405,6Alp Vul,BSC,0,292.1762,24.665,-0.125,-0.106,0.014,-86,4.44
HR4234,Del2Cha,BSC,0,161.445,-80.5403,-0.049,0.008,,23,4.45
HR4159,,BSC,0,158.8971,-57.5578,-0.023,0,0.026,10,4.45
HR1502,Alp Cae,BSC,0,70.1404,-41.8639,-0.141,-0.077,0.045,-1,4.45
HR3591,,BSC,0,135.0225,-41.2539,-0.039,0.045,0.03,-7,4.45
HR3225,,BSC,0,122.8396,-39.6186,0,-0.004,-0.006,16,4.45
HR3270,,BSC,0,124.6387,-36.6594,-0.106,0.097,0.057,5,4.45
HR2906,,BSC,0,113.5133,-22.2961,-0.04,0.046,0.054,61,4.45
HR6153,9Ome Oph,BSC,0,248.0342,-21.4664,0.028,0.039,0.028,3,4.45
HR1696,3Iot Lep,BSC,0,78.0746,-11.8692,0.027,-0.015,,25,4.45
HR6723,68    Oph,BSC,0,270.4383,1.3053,0.015,-0.012,0.021,6,4.45
HR7429,38Mu  Aql,BSC,0,293.5225,7.3789,0.216,-0.157,0.045,-24,4.45
HR7352,60Tau Dra,BSC,0,288.8875,73.3556,-0.14,0.107,0.015,-30,4.45
HR4546,,BSC,0,177.7863,-45.1736,-0.07,-0.01,0.022,2,4.46
HR8411,Lam Gru,BSC,0,331.5287,-39.5433,-0.023,-0.124,0.013,39,4.46
HR8695,22Gam PsA,BSC,0,343.1317,-32.8756,-0.03,-0.025,0.043,17,4.46
HR841,Bet For,BSC,0,42.2725,-32.4058,0.09,0.155,0.026,17,4.46
HR1698,17Rho Ori,BSC,0,78.3229,2.8611,0.001,-0.006,-0.01,41,4.46
HR3731,1Kap Leo,BSC,0,141.1638,26.1822,-0.033,-0.048,-0.003,28,4.46
HR5447,28Sig Boo,BSC,0,218.67,29.745,0.189,0.132,0.068,0,4.46
HR8632,11    Lac,BSC,0,340.1288,44.2764,0.094,0.012,0.01,-10,4.46
HR4618,,BSC,0,182.0217,-50.6614,-0.035,-0.01,,17,4.47
HR6115,Eps Nor,BSC,0,246.7962,-47.555,-0.005,-0.03,,-12,4.47
HR8789,86    Aqr,BSC,0,346.6704,-23.7431,0.066,-0.003,0.028,15,4.47
HR818,1Tau1Eri,BSC,0,41.2758,-18.5725,0.33,0.038,0.072,26,4.47
HR4368,74Phi Leo,BSC,0,169.1654,-3.6517,-0.108,-0.036,0.019,-3,4.47
HR1601,10Pi 6Ori,BSC,0,74.6371,1.7142,-0.002,-0.003,0.018,14,4.47
HR2506,18    Mon,BSC,0,101.965,2.4122,-0.018,-0.012,0.017,11,4.47
HR999,,BSC,0,50.085,29.0483,-0.008,-0.016,-0.008,-2,4.47
HR1568,7    Cam,BSC,0,74.3217,53.7522,-0.024,0.007,0,-8,4.47
HR1155,,BSC,0,57.38,65.5261,-0.007,-0.013,0.014,-3,4.47
HR3643,,BSC,0,136.2867,-72.6028,-0.013,-0.005,0.024,22,4.48
HR8540,Del Tuc,BSC,0,336.8333,-64.9664,0.071,0.003,,12,4.48
HR2361,Lam CMa,BSC,0,97.0421,-32.58,-0.018,0.024,0.013,41,4.48
HR4343,11Bet Crt,BSC,0,167.9146,-22.8258,0.003,-0.1,0.051,6,4.48
HR2199,70Xi  Ori,BSC,0,92.985,14.2089,0.003,-0.02,-0.001,24,4.48
HR3974,21    LMi,BSC,0,151.8575,35.2447,0.053,0.004,0.05,-18,4.48
HR7469,13The Cyg,BSC,0,294.1104,50.2211,-0.017,0.257,0.056,-28,4.48
HR3619,15    UMa,BSC,0,137.2179,51.6047,-0.137,-0.03,,0,4.48
HR2238,2    Lyn,BSC,0,94.9058,59.0108,-0.008,0.026,0.035,-4,4.48
HR3498,,BSC,0,131.6771,-56.7697,-0.01,0.008,,27,4.49
HR2740,,BSC,0,108.14,-46.7594,-0.132,0.103,0.048,-1,4.49
HR3084,,BSC,0,118.1612,-38.8631,-0.002,-0.006,0.012,-31,4.49
HR8988,105Ome2Aqr,BSC,0,355.6804,-14.545,0.101,-0.066,0.041,3,4.49
HR5570,16    Lib,BSC,0,224.2958,-4.3464,-0.094,-0.15,0.047,22,4.49
HR3981,15Alp Sex,BSC,0,151.9846,-0.3717,-0.016,-0.013,0.015,7,4.49
HR8123,7Del Equ,BSC,0,318.6204,10.0069,0.049,-0.305,0.058,-15,4.49
HR2478,30    Gem,BSC,0,100.9971,13.2278,-0.003,-0.058,0.007,14,4.49
HR1394,71    Tau,BSC,0,66.5867,15.6183,0.112,-0.023,0.007,38,4.49
HR8485,,BSC,0,333.4696,39.715,0.038,0.013,0.02,-11,4.49
HR9076,Eps Tuc,BSC,0,359.9792,-65.5772,0.048,-0.024,,11,4.5
HR4074,,BSC,0,155.2283,-56.0431,-0.016,0.003,0.008,10,4.5
HR8431,14Mu  PsA,BSC,0,332.0958,-32.9886,0.08,-0.031,0.03,12,4.5
HR2948,,BSC,0,114.7054,-26.8017,-0.017,0.019,0.01,24,4.5
HR3034,Omi Pup,BSC,0,117.0217,-25.9372,-0.009,0.006,,15,4.5
HR8080,24    Cap,BSC,0,316.7821,-25.0058,-0.023,-0.043,0.022,32,4.5
HR6104,4Psi Oph,BSC,0,246.0258,-20.0375,-0.027,-0.047,-0.002,0,4.5
HR8984,18Lam Psc,BSC,0,355.5117,1.78,-0.129,-0.155,0.028,12,4.5
HR2385,13    Mon,BSC,0,98.2258,7.3331,-0.001,-0.006,0.007,12,4.5
HR5185,4Tau Boo,BSC,0,206.8154,17.4567,-0.482,0.041,0.059,-16,4.5
HR4259,54    Leo,BSC,0,163.9033,24.7497,-0.072,-0.012,0.015,5,4.5
HR3799,26    UMa,BSC,0,143.7063,52.0514,-0.065,-0.035,0.025,23,4.5
HR1264,Gam Ret,BSC,0,60.2242,-62.1594,0.002,0.026,,-7,4.51
HR5704,Gam Cir,BSC,0,230.8446,-59.3208,-0.016,-0.038,0.01,-17,4.51
HR2042,Gam Pic,BSC,0,87.4571,-56.1667,0.083,-0.076,0.018,16,4.51
HR7920,Eta Ind,BSC,0,311.0096,-51.9211,0.158,-0.058,0.049,-2,4.51
HR3765,Eps Ant,BSC,0,142.3112,-35.9514,-0.022,0.001,0.005,22,4.51
HR1453,50Ups1Eri,BSC,0,68.3775,-29.7667,-0.102,-0.275,0.028,21,4.51
HR8213,36    Cap,BSC,0,322.1808,-21.8072,0.138,-0.006,0.023,-22,4.51
HR8093,13Nu  Aqr,BSC,0,317.3987,-11.3717,0.095,-0.015,0.017,-12,4.51
HR824,39    Ari,BSC,0,41.9771,29.2472,0.149,-0.123,0.027,-15,4.51
HR352,83Tau Psc,BSC,0,17.915,30.0897,0.072,-0.035,0.023,30,4.51
HR8579,6    Lac,BSC,0,337.6221,43.1233,-0.001,-0.005,,-8,4.51
HR7955,,BSC,0,311.3379,57.5797,-0.064,-0.236,0.046,-31,4.51
HR7685,67Rho Dra,BSC,0,300.7046,67.8736,0.016,0.046,0.017,-9,4.51
HR3856,,BSC,0,144.8375,-61.3281,-0.041,0.021,,20,4.52
HR7604,59    Sgr,BSC,0,299.2367,-27.17,0.008,-0.013,0.014,-16,4.52
HR5359,100Lam Vir,BSC,0,214.7775,-13.3711,-0.015,0.03,0.017,-11,4.52
HR8795,55    Peg,BSC,0,346.7513,9.4094,0.011,-0.014,0.016,-5,4.52
HR5842,21Iot Ser,BSC,0,235.3879,19.6703,-0.057,-0.046,0.011,-17,4.52
HR7744,23    Vul,BSC,0,303.9421,27.8142,-0.036,0.008,0.008,3,4.52
HR68,25Sig And,BSC,0,4.5821,36.7853,-0.063,-0.041,0.023,-8,4.52
HR6485,75Rho Her,BSC,0,260.9208,37.1458,-0.037,0.006,-0.002,-21,4.52
HR1995,29Tau Aur,BSC,0,87.2937,39.1811,-0.025,-0.022,0.007,-20,4.52
HR8830,7    And,BSC,0,348.1375,49.4064,0.092,0.098,0.051,13,4.52
HR707,Iot Cas,BSC,0,37.2667,67.4025,-0.017,0.011,0.023,1,4.52
HR5041,,BSC,0,201.0021,-64.5358,0.029,-0.026,0.002,12,4.53
HR5035,,BSC,0,200.6579,-60.9883,-0.039,-0.014,,6,4.53
HR6783,Eps Tel,BSC,0,272.8075,-45.9544,-0.017,-0.037,0.023,-26,4.53
HR2937,,BSC,0,114.3421,-34.9686,-0.022,0.014,,24,4.53
HR2113,,BSC,0,90.0142,-3.0742,0.012,-0.076,0.022,26,4.53
HR8773,4Bet Psc,BSC,0,345.9692,3.82,0.013,-0.011,,0,4.53
HR4527,93    Leo,BSC,0,176.9962,20.2189,-0.149,-0.003,0.022,0,4.53
HR843,17    Per,BSC,0,42.8783,35.0597,0.009,-0.061,0.004,14,4.53
HR7963,54Lam Cyg,BSC,0,311.8521,36.4908,0.009,-0.005,0.008,-23,4.53
HR226,35Nu  And,BSC,0,12.4533,41.0789,0.023,-0.019,,-24,4.53
HR127,Bet2Tuc,BSC,0,7.89,-62.9658,0.101,-0.056,0.03,10,4.54
HR5781,,BSC,0,233.9717,-44.9586,-0.025,-0.03,0.014,7,4.54
HR5712,Phi2Lup,BSC,0,230.7892,-36.8586,-0.018,-0.023,,2,4.54
HR6616,3    Sgr,BSC,0,266.89,-27.8308,-0.001,-0.009,0.035,-13,4.54
HR2414,5Xi 2CMa,BSC,0,98.7642,-22.9647,0.011,0.016,0.025,26,4.54
HR5652,24Iot1Lib,BSC,0,228.0554,-19.7917,-0.036,-0.039,0.03,-12,4.54
HR6493,,BSC,0,261.6579,-5.0867,-0.092,-0.043,0.032,0,4.54
HR2864,6    CMi,BSC,0,112.4492,12.0067,0,-0.019,0.029,-15,4.54
HR5616,43Psi Boo,BSC,0,226.1113,26.9475,-0.174,-0.006,0.018,-26,4.54
HR1726,16    Aur,BSC,0,79.5446,33.3717,0.045,-0.16,0.014,-28,4.54
HR193,22Omi Cas,BSC,0,11.1812,48.2844,0.019,-0.008,,-17,4.54
HR5329,17Kap2Boo,BSC,0,213.3708,51.7903,0.063,-0.002,0.01,-17,4.54
HR9045,7Rho Cas,BSC,0,358.5958,57.4994,-0.002,-0.002,0.023,-43,4.54
HR1040,,BSC,0,52.4787,58.8786,0.006,-0.002,,-6,4.54
HR575,48    Cas,BSC,0,30.4892,70.9069,-0.067,0.004,0.035,-5,4.54
HR1652,Gam1Cae,BSC,0,76.1017,-35.4833,0.129,-0.051,0.013,-3,4.55
HR6081,19Omi Sco,BSC,0,245.1592,-24.1694,-0.003,-0.023,0.005,-8,4.55
HR9098,2    Cet,BSC,0,0.935,-17.3361,0.026,-0.009,0.007,-5,4.55
HR8923,70    Peg,BSC,0,352.2888,12.7606,0.064,0.027,0.016,-15,4.55
HR5544,37Xi  Boo,BSC,0,222.8471,19.1011,0.137,-0.098,0.156,3,4.55
HR3800,10    LMi,BSC,0,143.5558,36.3975,0.006,-0.022,,-12,4.55
HR8089,63    Cyg,BSC,0,316.6504,47.6483,0.008,0.001,0.008,-26,4.55
HR2527,,BSC,0,105.0167,76.9775,0.071,-0.013,0.023,-26,4.55
HR1247,Del Ret,BSC,0,59.6862,-61.4003,0.011,-0.018,-0.001,-1,4.56
HR5395,Tau1Lup,BSC,0,216.5342,-45.2214,-0.012,-0.013,,-22,4.56
HR5210,3    Cen,BSC,0,207.9567,-32.9944,-0.033,-0.038,0.017,10,4.56
HR3612,,BSC,0,136.6325,38.4522,-0.028,-0.014,0.021,17,4.56
HR3771,24    UMa,BSC,0,143.6204,69.8303,-0.063,0.077,0.042,-27,4.56
HR8317,11    Cep,BSC,0,325.4804,71.3114,0.117,0.099,0.008,-37,4.56
HR4200,,BSC,0,160.8837,-60.5667,-0.032,0.006,0.02,9,4.57
HR4063,,BSC,0,154.9033,-55.0294,-0.014,0.003,-0.008,13,4.57
HR6766,,BSC,0,272.0208,-28.4572,0.027,-0.03,0.023,-5,4.57
HR9016,Del Scl,BSC,0,357.2317,-28.1303,0.105,-0.106,0.039,14,4.57
HR3787,32Tau2Hya,BSC,0,142.9954,-1.185,-0.012,-0.011,0.027,6,4.57
HR1934,47Ome Ori,BSC,0,84.7962,4.1214,0.001,-0.003,,22,4.57
HR6117,24Ome Her,BSC,0,246.3542,14.0333,0.044,-0.059,0.041,-6,4.57
HR8225,2    Peg,BSC,0,322.4871,23.6389,0.024,0.004,0.013,-19,4.57
HR8523,2    Lac,BSC,0,335.2567,46.5367,0.023,0.005,0.04,-10,4.57
HR8541,4    Lac,BSC,0,336.1292,49.4764,-0.007,-0.003,0.003,-26,4.57
HR3912,,BSC,0,147.92,-46.5478,-0.008,-0.001,0.007,11,4.58
HR1106,,BSC,0,54.2738,-40.2747,-0.005,-0.03,0.011,12,4.58
HR7650,62    Sgr,BSC,0,300.6646,-27.7097,0.036,0.017,0.028,10,4.58
HR3628,Kap Pyx,BSC,0,137.0121,-25.8583,0.041,0.008,0.013,-45,4.58
HR7592,13    Vul,BSC,0,298.3654,24.0797,0.027,0.038,0.009,-28,4.58
HR2034,136    Tau,BSC,0,88.3317,27.6122,0.003,-0.012,0.021,-16,4.58
HR6636,31Psi1Dra,BSC,0,265.4846,72.1489,0.025,-0.267,0.054,-10,4.58
HR6537,1Sig Ara,BSC,0,263.915,-46.5056,-0.028,-0.035,-0.014,4,4.59
HR180,Mu  Phe,BSC,0,10.3317,-46.085,-0.014,-0.002,0.004,19,4.59
HR7242,Del CrA,BSC,0,287.0871,-40.4967,0.037,-0.026,0.016,20,4.59
HR1143,,BSC,0,55.7088,-37.3136,-0.088,-0.077,0.028,10,4.59
HR2993,1    Pup,BSC,0,115.885,-28.4111,-0.014,0.025,0.018,33,4.59
HR6028,13    Sco,BSC,0,243.0758,-27.9264,-0.013,-0.025,,10,4.59
HR5904,2    Sco,BSC,0,238.4029,-25.3272,-0.016,-0.025,0.006,-10,4.59
HR1892,42    Ori,BSC,0,83.8467,-4.8383,0.004,0,0.006,30,4.59
HR8558,55Zet1Aqr,BSC,0,337.2071,-0.0203,0.181,0.009,0.022,29,4.59
HR1811,30Psi2Ori,BSC,0,81.7092,3.0956,0.002,-0.004,-0.016,12,4.59
HR7133,113    Her,BSC,0,283.6871,22.645,0,0.001,0.013,-24,4.59
HR7995,31    Vul,BSC,0,313.0321,27.0969,-0.067,-0.065,0.036,1,4.59
HR3894,30Phi UMa,BSC,0,148.0267,54.0644,-0.004,0.021,0.032,-12,4.59
HR7371,58Pi  Dra,BSC,0,290.1671,65.7147,0.012,0.045,0.02,-29,4.59
HR4352,,BSC,0,168.15,-60.3175,-0.007,0.004,0.005,-8,4.6
HR4975,,BSC,0,198.0725,-59.9208,-0.049,-0.024,0.014,12,4.6
HR5724,,BSC,0,231.3342,-38.7336,-0.052,-0.016,0.012,-3,4.6
HR4273,Iot Ant,BSC,0,164.1796,-37.1378,0.077,-0.128,0.025,0,4.6
HR7440,52    Sgr,BSC,0,294.1767,-24.8836,0.069,-0.021,0.002,-19,4.6
HR3970,40Ups2Hya,BSC,0,151.2812,-13.0647,-0.037,0.018,,28,4.6
HR2356,11Bet Mon,BSC,0,97.2042,-7.0328,-0.017,0,0.021,20,4.6
HR3759,31Tau1Hya,BSC,0,142.2871,-2.7689,0.13,-0.015,0.072,10,4.6
HR5502,35Omi Boo,BSC,0,221.3104,16.9644,-0.058,-0.049,0.045,-9,4.6
HR8880,62Tau Peg,BSC,0,350.1592,23.7403,0.033,-0.008,0.037,16,4.6
HR3403,4Pi 2UMa,BSC,0,130.0533,64.3278,-0.06,0.023,0.016,15,4.6
HR5589,,BSC,0,224.3958,65.9325,-0.079,0.032,0.01,7,4.6
HR4325,,BSC,0,166.635,-62.4242,-0.043,0.013,0.055,-2,4.61
HR3131,,BSC,0,119.9667,-18.3992,-0.002,-0.039,0.021,-12,4.61
HR7342,46Ups Sgr,BSC,0,290.4317,-15.955,0.002,-0.006,,9,4.61
HR3,33    Psc,BSC,0,1.3338,-5.7075,-0.009,0.089,0.014,-6,4.61
HR7866,47    Cyg,BSC,0,308.4758,35.2508,0.002,-0.006,0.002,-4,4.61
HR63,24The And,BSC,0,4.2729,38.6817,-0.05,-0.019,0.022,1,4.61
HR1324,,BSC,0,64.5608,50.2956,0.047,-0.054,,20,4.61
HR4897,Lam Cru,BSC,0,193.6633,-59.1467,-0.036,-0.01,,12,4.62
HR4460,,BSC,0,173.6904,-54.2642,-0.056,0.017,,3,4.62
HR3684,,BSC,0,138.9379,-37.4133,0.026,-0.01,0.064,6,4.62
HR2949,,BSC,0,114.7075,-26.8036,-0.029,0.028,0.01,33,4.62
HR5777,37    Lib,BSC,0,233.5446,-10.0644,0.309,-0.234,0.027,48,4.62
HR6567,57Mu  Oph,BSC,0,264.4612,-8.1189,-0.009,-0.017,,-19,4.62
HR1855,36Ups Ori,BSC,0,82.9825,-7.3014,-0.001,-0.005,,17,4.62
HR3459,,BSC,0,130.9183,-7.2336,-0.002,0.003,0.007,31,4.62
HR6710,57Zet Ser,BSC,0,270.1208,-3.6903,0.147,-0.045,0.048,-43,4.62
HR549,111Xi  Psc,BSC,0,28.3888,3.1875,0.022,0.023,0.005,30,4.62
HR7141,63The1Ser,BSC,0,284.055,4.2036,0.049,0.031,0.03,-46,4.62
HR5914,1Chi Her,BSC,0,238.1687,42.4517,0.44,0.632,0.056,-55,4.62
HR5961,Iot1Nor,BSC,0,240.8829,-57.7753,-0.124,-0.085,0.023,-14,4.63
HR3089,,BSC,0,118.2654,-49.6131,0.002,0.016,,8,4.63
HR6129,3Ups Oph,BSC,0,246.9504,-8.3717,-0.087,0.021,0.028,-31,4.63
HR4310,63Chi Leo,BSC,0,166.2542,7.3361,-0.341,-0.047,0.029,5,4.63
HR2135,62Chi2Ori,BSC,0,90.98,20.1383,0.002,-0.006,0.025,17,4.63
HR887,48Eps Ari,BSC,0,44.8029,21.3403,-0.017,-0.005,0.005,-6,4.63
HR888,48Eps Ari,BSC,0,44.8029,21.3403,-0.017,-0.005,0.005,-8,4.63
HR4362,72    Leo,BSC,0,168.8008,23.0956,-0.024,-0.006,0.01,16,4.63
HR5889,10Del CrB,BSC,0,237.3987,26.0683,-0.076,-0.063,0.014,-19,4.63
HR947,28Ome Per,BSC,0,47.8225,39.6117,-0.023,0.005,0.023,7,4.63
HR8613,9    Lac,BSC,0,339.3433,51.5453,-0.054,-0.101,0.022,12,4.63
HR265,28Ups2Cas,BSC,0,14.1658,59.1811,-0.092,-0.046,0.051,-47,4.63
HR1148,Gam Cam,BSC,0,57.5896,71.3322,0.017,-0.042,0.012,-1,4.63
HR6916,Nu  Pav,BSC,0,277.8433,-62.2783,-0.003,-0.045,,59,4.64
HR5825,,BSC,0,235.2971,-44.6611,-0.177,-0.262,0.06,-5,4.64
HR6951,The CrA,BSC,0,278.3758,-42.3125,0.031,-0.022,-0.001,-2,4.64
HR4817,,BSC,0,189.9688,-39.9875,-0.047,-0.03,,15,4.64
HR2922,,BSC,0,113.845,-28.3694,-0.074,-0.019,,3,4.64
HR2766,,BSC,0,109.1458,-27.8811,-0.01,0.043,0.012,42,4.64
HR5885,1    Sco,BSC,0,237.7446,-25.7514,-0.018,-0.024,,3,4.64
HR6712,66    Oph,BSC,0,270.0658,4.3686,0.003,-0.013,,-13,4.64
HR6770,71    Oph,BSC,0,271.8267,8.7339,0.011,0.032,0.021,-3,4.64
HR1620,102Iot Tau,BSC,0,75.7738,21.59,0.066,-0.042,0.019,41,4.64
HR7653,15    Vul,BSC,0,300.2754,27.7536,0.059,0.005,0.03,-21,4.64
HR2818,21    Lyn,BSC,0,111.6783,49.2114,-0.013,-0.05,0.012,27,4.64
HR2102,,BSC,0,88.5254,-63.09,0.138,0.537,0.048,25,4.65
HR4848,,BSC,0,191.5946,-56.4889,-0.036,-0.013,,17,4.65
HR5172,,BSC,0,206.6638,-51.4328,0.006,-0.033,0.018,-6,4.65
HR5962,Eta Nor,BSC,0,240.8038,-49.2297,0.043,0.01,0.022,0,4.65
HR2881,,BSC,0,112.6771,-30.9622,-0.021,0,0.023,14,4.65
HR6842,,BSC,0,274.5133,-27.0425,0.008,0.005,0.033,-17,4.65
HR1213,33Tau8Eri,BSC,0,58.4275,-24.6125,0.023,-0.016,,23,4.65
HR6243,20    Oph,BSC,0,252.4583,-10.7831,0.096,-0.093,0.016,-1,4.65
HR1570,7Pi 1Ori,BSC,0,73.7242,10.1508,0.046,-0.132,,13,4.65
HR2564,38    Gem,BSC,0,103.6612,13.1778,0.078,-0.083,0.043,24,4.65
HR1444,86Rho Tau,BSC,0,68.4621,14.8444,0.103,-0.027,0.026,40,4.65
HR360,85Phi Psc,BSC,0,18.4371,24.5836,0.017,-0.023,0.007,6,4.65
HR6436,69    Her,BSC,0,259.4179,37.2917,-0.034,0.063,0.018,-10,4.65
HR8780,3    And,BSC,0,346.0458,50.0522,0.164,0.168,0.004,-35,4.65
HR5226,10    Dra,BSC,0,207.8579,64.7233,0.001,-0.002,0.014,-11,4.65
HR4177,,BSC,0,159.6879,-59.1831,-0.012,0.001,0.016,11,4.66
HR4110,,BSC,0,156.8517,-57.6389,-0.013,0,-0.012,-1,4.66
HR4831,,BSC,0,190.6475,-48.8131,-0.127,-0.032,0.025,-12,4.66
HR2787,,BSC,0,109.5767,-36.7342,-0.003,0.001,,19,4.66
HR2745,27    CMa,BSC,0,108.5633,-26.3525,-0.009,0.007,,0,4.66
HR1240,36Tau9Eri,BSC,0,59.9813,-24.0164,0.015,0.015,0.015,24,4.66
HR4813,26Chi Vir,BSC,0,189.8117,-7.9956,-0.076,-0.025,0.02,-20,4.66
HR7387,32Nu  Aql,BSC,0,291.6296,0.3386,0,0.001,-0.008,-1,4.66
HR8539,52Pi  Aqr,BSC,0,336.3192,1.3775,0.019,0.001,,4,4.66
HR4589,8Pi  Vir,BSC,0,180.2183,6.6142,0.001,-0.03,0.021,-10,4.66
HR2456,15    Mon,BSC,0,100.2446,9.8956,0.003,-0.006,-0.004,33,4.66
HR351,84Chi Psc,BSC,0,17.8633,21.0347,0.038,-0.011,0.015,16,4.66
HR3449,43Gam Cnc,BSC,0,130.8212,21.4686,-0.106,-0.039,0.016,29,4.66
HR9064,84Psi Peg,BSC,0,359.4396,25.1414,-0.034,-0.033,0.005,-4,4.66
HR801,35    Ari,BSC,0,40.8629,27.7072,0.008,-0.012,,13,4.66
HR5154,83    UMa,BSC,0,205.1846,54.6817,-0.022,-0.009,0.014,-17,4.66
HR7125,47Omi Dra,BSC,0,282.8004,59.3883,0.079,0.027,0.006,-20,4.66
HR5820,3Psi1Lup,BSC,0,234.9417,-34.4119,0.004,-0.015,0.032,-23,4.67
HR8039,Gam Mic,BSC,0,315.3229,-32.2578,-0.002,0.005,0.034,18,4.67
HR2155,18The Lep,BSC,0,91.5387,-14.9353,-0.018,0.014,0.012,32,4.67
HR531,53Chi Cet,BSC,0,27.3962,-10.6864,-0.146,-0.093,0.046,-1,4.67
HR6713,93    Her,BSC,0,270.0142,16.7508,-0.007,-0.01,0.004,-24,4.67
HR1044,34    Per,BSC,0,52.3421,49.5089,0.026,-0.027,0.018,-2,4.67
HR8301,80Pi 1Cyg,BSC,0,325.5237,51.1897,0.006,-0.006,,-8,4.67
HR3624,14Tau UMa,BSC,0,137.7296,63.5136,0.098,-0.056,,-9,4.67
HR6020,Del1Aps,BSC,0,245.0867,-78.6958,-0.014,-0.035,0.02,-12,4.68
HR2590,19Pi  CMa,BSC,0,103.9058,-20.1364,0.047,0.043,0.034,8,4.68
HR8260,39Eps Cap,BSC,0,324.27,-19.4661,0.015,0.003,,-24,4.68
HR6884,Zet Sct,BSC,0,275.9146,-8.9342,0.045,0.046,0.015,-6,4.68
HR3141,28    Mon,BSC,0,120.3054,-1.3925,0.068,-0.073,0.009,27,4.68
HR3834,,BSC,0,144.6138,4.6492,-0.163,-0.051,0.011,45,4.68
HR7871,4Zet Del,BSC,0,308.8271,14.6742,0.046,0.013,0.015,-25,4.68
HR1638,11    Ori,BSC,0,76.1421,15.4042,0.016,-0.034,0.018,17,4.68
HR7462,61Sig Dra,BSC,0,293.09,69.6611,0.6,-1.738,0.177,27,4.68
HR570,Eta2Hyi,BSC,0,28.7337,-67.6472,0.074,0.074,,-16,4.69
HR4842,Iot Cru,BSC,0,191.4079,-60.9811,0.098,-0.063,0.036,7,4.69
HR8387,Eps Ind,BSC,0,330.84,-56.7861,3.961,-2.538,0.285,-40,4.69
HR3574,,BSC,0,134.0808,-52.7236,0,0.007,0.02,22,4.69
HR6742,Gam1Sgr,BSC,0,271.2554,-29.58,0.013,0,,-28,4.69
HR612,Nu  For,BSC,0,31.1225,-29.2969,0.012,0.008,,19,4.69
HR3733,Lam Pyx,BSC,0,140.8013,-28.8339,-0.123,0.019,0.038,10,4.69
HR8817,89    Aqr,BSC,0,347.4783,-22.4575,0.026,-0.009,0.04,-5,4.69
HR3749,,BSC,0,141.8267,-22.3439,0.18,-0.161,0.03,29,4.69
HR8649,66    Aqr,BSC,0,340.8971,-18.8303,-0.027,-0.028,0.013,22,4.69
HR8264,23Xi  Aqr,BSC,0,324.4379,-7.8542,0.116,-0.025,0.012,-21,4.69
HR5095,74    Vir,BSC,0,202.9913,-6.2558,-0.104,-0.045,0.02,18,4.69
HR8402,31Omi Aqr,BSC,0,330.8287,-2.1553,0.028,-0.012,,12,4.69
HR8097,5Gam Equ,BSC,0,317.5854,10.1317,0.057,-0.153,0.028,-17,4.69
HR1396,73Pi  Tau,BSC,0,66.6517,14.7136,-0.002,-0.033,0.014,32,4.69
HR1479,92Sig2Tau,BSC,0,69.8187,15.9181,0.083,-0.018,0.02,36,4.69
HR7478,12Phi Cyg,BSC,0,294.8442,30.1533,0.004,0.037,0.007,6,4.69
HR4494,Omi Hya,BSC,0,175.0533,-34.7447,-0.042,0,,6,4.7
HR7597,58Ome Sgr,BSC,0,298.96,-26.2994,0.207,0.083,0.062,-21,4.7
HR2944,,BSC,0,114.575,-25.3647,-0.007,-0.007,,41,4.7
HR6930,Gam Sct,BSC,0,277.2996,-14.5658,0.003,-0.002,0.025,-41,4.7
HR4468,21The Crt,BSC,0,174.1704,-9.8022,-0.061,0.008,,1,4.7
HR3950,29Pi  Leo,BSC,0,150.0533,8.0442,-0.03,-0.023,0.017,23,4.7
HR896,91Lam Cet,BSC,0,44.9287,8.9075,0.004,-0.014,,10,4.7
HR879,22Pi  Per,BSC,0,44.6904,39.6628,0.024,-0.043,0.009,14,4.7
HR5112,24    CVn,BSC,0,203.6138,49.0161,-0.127,0.03,0.034,-18,4.7
HR3642,,BSC,0,136.4096,-70.5389,-0.008,-0.005,,19,4.71
HR5241,,BSC,0,209.4121,-63.6867,-0.044,-0.03,0.033,22,4.71
HR4940,,BSC,0,196.5696,-48.4636,-0.03,-0.023,,6,4.71
HR3046,,BSC,0,117.0846,-47.0778,-0.088,-0.078,0.006,-1,4.71
HR8949,Iot Phe,BSC,0,353.7692,-42.615,0.046,-0.001,0.005,19,4.71
HR8135,Eps Mic,BSC,0,319.4846,-32.1725,0.058,-0.026,0.033,-1,4.71
HR1762,,BSC,0,80.1121,-21.2394,0.005,0,0.002,30,4.71
HR8939,101    Aqr,BSC,0,353.3192,-20.9144,-0.007,0.013,0,15,4.71
HR1834,31    Ori,BSC,0,82.4333,-1.0922,0.004,-0.023,0.006,8,4.71
HR7595,59Xi  Aql,BSC,0,298.5621,8.4614,0.101,-0.081,0.023,-42,4.71
HR4166,37    LMi,BSC,0,159.68,31.9761,0,0.008,0.021,-7,4.71
HR1729,15Lam Aur,BSC,0,79.7854,40.0992,0.519,-0.664,0.066,66,4.71
HR1306,52    Per,BSC,0,63.7221,40.4836,0.008,-0.026,0.004,-2,4.71
HR4248,45Ome UMa,BSC,0,163.4946,43.19,0.045,-0.021,0.014,-17,4.71
HR699,65    And,BSC,0,36.4058,50.2786,0.027,-0.01,0.011,-5,4.71
HR442,39Chi Cas,BSC,0,23.4829,59.2319,-0.037,-0.021,0.021,6,4.71
HR8748,,BSC,0,343.6033,84.3461,0.092,0.026,0.001,3,4.71
HR4530,Mu  Mus,BSC,0,177.0596,-66.8147,0.013,-0.015,0.013,37,4.72
HR4603,The2Cru,BSC,0,181.08,-63.1656,-0.02,0.008,,16,4.72
HR1083,Kap Ret,BSC,0,52.3446,-62.9375,0.383,0.372,0.06,12,4.72
HR1674,Zet Dor,BSC,0,76.3775,-57.4728,-0.03,0.115,0.085,-2,4.72
HR5605,Pi  Lup,BSC,0,226.28,-47.0511,-0.02,-0.019,0.009,5,4.72
HR5980,Del Nor,BSC,0,241.6225,-45.1733,0.002,0.028,0.035,-16,4.72
HR3718,The Pyx,BSC,0,140.3733,-25.9656,-0.011,-0.008,0.01,20,4.72
HR3211,19    Pup,BSC,0,122.8179,-12.9269,-0.025,0.012,0.031,36,4.72
HR7020,Del Sct,BSC,0,280.5683,-9.0525,0.009,0.002,0.025,-45,4.72
HR6262,Zet1Sco,BSC,0,253.4987,-42.3622,0.004,-0.004,,-26,4.73
HR1190,,BSC,0,57.1496,-37.6206,0.079,-0.025,0.024,16,4.73
HR5221,4    Cen,BSC,0,208.3021,-31.9278,-0.015,-0.012,,5,4.73
HR8288,43Kap Cap,BSC,0,325.6646,-18.8664,0.147,-0.006,0.028,-3,4.73
HR4514,27Zet Crt,BSC,0,176.1908,-18.3508,0.031,-0.03,0.03,-5,4.73
HR7990,6Mu  Aqr,BSC,0,313.1633,-8.9833,0.044,-0.03,0.019,-9,4.73
HR1070,17    Eri,BSC,0,52.6546,-5.0753,0.014,0.007,,15,4.73
HR6415,41    Oph,BSC,0,259.1529,-0.4453,-0.023,-0.066,0.01,-2,4.73
HR1765,22    Ori,BSC,0,80.4404,-0.3825,0,-0.001,,29,4.73
HR8309,78Mu 1Cyg,BSC,0,326.0358,28.7428,0.292,-0.241,0.049,18,4.73
HR5017,20    CVn,BSC,0,199.3854,40.5725,-0.125,0.021,0.019,8,4.73
HR123,14Lam Cas,BSC,0,7.9433,54.5222,0.045,-0.01,0.03,-12,4.73
HR8279,9    Cep,BSC,0,324.48,62.0819,-0.003,-0.002,-0.008,-13,4.73
HR4138,,BSC,0,157.5838,-71.9931,0.025,-0.037,0.014,8,4.74
HR8959,,BSC,0,354.4625,-45.4925,0.073,-0.014,0.016,10,4.74
HR5838,43Kap Lib,BSC,0,235.4867,-19.6789,-0.037,-0.103,0.04,-4,4.74
HR5019,61    Vir,BSC,0,199.6013,-18.3114,-1.07,-1.065,0.115,-9,4.74
HR4299,61    Leo,BSC,0,165.4571,-2.4847,0.012,-0.038,0.032,-14,4.74
HR1556,4Omi1Ori,BSC,0,73.1333,14.2506,0,-0.057,0.004,-8,4.74
HR4697,11    Com,BSC,0,185.1792,17.7928,-0.111,0.092,,42,4.74
HR4090,30    LMi,BSC,0,156.4787,33.7961,-0.07,-0.061,,14,4.74
HR5219,,BSC,0,207.9479,34.4442,-0.019,-0.032,0.026,-44,4.74
HR7426,8    Cyg,BSC,0,292.9429,34.4531,0.001,-0.003,,-22,4.74
HR2011,31Ups Aur,BSC,0,87.76,37.3056,0.035,-0.047,-0.002,38,4.74
HR8047,59    Cyg,BSC,0,314.9567,47.5211,0.006,0.002,,1,4.74
HR399,36Psi Cas,BSC,0,21.4833,68.13,0.074,0.026,0.013,-12,4.74
HR8702,,BSC,0,341.8708,83.1539,0.021,0.049,-0.018,-31,4.74
HR872,Nu  Hyi,BSC,0,42.6188,-75.0669,-0.037,-0.027,0.011,5,4.75
HR5297,,BSC,0,212.4783,-53.4392,-0.146,-0.096,0.017,-16,4.75
HR3226,,BSC,0,122.8579,-42.9872,0.004,0.004,0.004,19,4.75
HR789,,BSC,0,39.95,-42.8917,0.106,-0.027,0.028,18,4.75
HR7188,Zet CrA,BSC,0,285.7787,-42.0953,0.061,-0.049,0.031,-13,4.75
HR5839,4Psi2Lup,BSC,0,235.6708,-34.7106,-0.021,-0.029,,4,4.75
HR850,2Tau2Eri,BSC,0,42.7596,-21.0042,-0.046,-0.019,0.031,-9,4.75
HR740,76Sig Cet,BSC,0,38.0217,-15.2447,-0.07,-0.12,0.035,-29,4.75
HR546,5Gam2Ari,BSC,0,28.3825,19.2936,0.079,-0.104,0.026,-1,4.75
HR4132,,BSC,0,158.3079,40.4256,-0.14,0.006,0.031,9,4.75
HR5350,21Iot Boo,BSC,0,214.0412,51.3672,-0.15,0.092,0.048,-19,4.75
HR8872,34Omi Cep,BSC,0,349.6562,68.1117,0.058,0.016,0.024,-18,4.75
HR3220,,BSC,0,122.2529,-61.3025,-0.158,-0.297,0.055,25,4.76
HR7848,Phi1Pav,BSC,0,308.895,-60.5817,0.068,-0.182,0.026,-20,4.76
HR2762,,BSC,0,108.6592,-48.2717,0.004,0.004,,39,4.76
HR6700,4    Sgr,BSC,0,269.9483,-23.8161,0.001,-0.047,0.01,-18,4.76
HR5068,69    Vir,BSC,0,201.8633,-15.9736,-0.119,0.024,0.059,-14,4.76
HR7773,8Nu  Cap,BSC,0,305.1658,-12.7592,0.019,-0.019,0.021,-2,4.76
HR194,17Phi1Cet,BSC,0,11.0475,-10.6094,-0.009,-0.113,0.022,1,4.76
HR5899,38Rho Ser,BSC,0,237.8163,20.9778,-0.053,0.019,0.015,-62,4.76
HR8796,56    Peg,BSC,0,346.7783,25.4683,0.004,-0.031,0.006,-27,4.76
HR383,90Ups Psc,BSC,0,19.8667,27.2642,0.025,-0.013,0.019,8,4.76
HR1843,25Chi Aur,BSC,0,83.1821,32.1919,-0.002,-0.003,,0,4.76
HR6018,16Tau CrB,BSC,0,242.2429,36.4908,-0.053,0.333,0.031,-19,4.76
HR5982,6Ups Her,BSC,0,240.6996,46.0367,0.059,-0.058,,3,4.76
HR5618,44    Boo,BSC,0,225.9475,47.6544,-0.407,0.033,0.086,-25,4.76
HR918,,BSC,0,46.385,56.7058,-0.014,0.067,0.005,-45,4.76
HR3576,8Rho UMa,BSC,0,135.6362,67.6297,-0.021,0.019,0.014,5,4.76
HR6569,Lam Ara,BSC,0,265.0983,-49.4156,0.078,-0.176,0.044,4,4.77
HR125,Lam1Phe,BSC,0,7.8542,-48.8036,0.143,0.017,0.027,-2,4.77
HR3452,,BSC,0,130.3046,-47.3169,-0.012,0.007,0,17,4.77
HR5364,,BSC,0,215.1771,-45.1872,0.034,-0.08,0.02,0,4.77
HR7652,,BSC,0,300.8896,-37.9408,0.059,-0.092,0.02,-38,4.77
HR5381,51    Hya,BSC,0,215.7742,-27.7539,-0.193,-0.112,0.04,20,4.77
HR3858,,BSC,0,145.3208,-23.5917,-0.028,-0.004,,26,4.77
HR5978,Xi  Sco,BSC,0,241.0921,-11.3731,-0.06,-0.029,0.048,-29,4.77
HR4432,87    Leo,BSC,0,172.5788,-3.0036,0.022,-0.014,0.015,19,4.77
HR248,20    Cet,BSC,0,13.2521,-1.1442,0.008,-0.017,-0.003,16,4.77
HR2503,17    Mon,BSC,0,101.8325,8.0372,-0.026,-0.013,0.013,47,4.77
HR7306,1    Vul,BSC,0,289.0542,21.3903,0,-0.009,0.017,-17,4.77
HR6978,45    Dra,BSC,0,278.1437,57.0456,0.001,-0.006,0.013,-12,4.77
HR9084,The Oct,BSC,0,0.3988,-77.0658,-0.063,-0.177,0.017,24,4.78
HR6417,Zet Aps,BSC,0,260.4975,-67.7706,-0.042,-0.006,0.014,13,4.78
HR3237,,BSC,0,123.3733,-35.8997,0.002,-0.002,,35,4.78
HR6070,,BSC,0,244.5746,-28.6139,-0.028,-0.099,0.031,-13,4.78
HR7822,11Rho Cap,BSC,0,307.215,-17.8136,-0.014,-0.021,0.047,18,4.78
HR1887,,BSC,0,83.7613,-6.0019,0.004,0.002,0.005,28,4.78
HR2037,56    Ori,BSC,0,88.11,1.855,-0.007,-0.012,0.005,10,4.78
HR1427,,BSC,0,67.6404,16.1939,0.107,-0.027,0.053,38,4.78
HR4920,36    Com,BSC,0,194.7308,17.4094,-0.039,0.034,,-2,4.78
HR7739,,BSC,0,303.8163,25.5919,0.008,-0.006,,-7,4.78
HR1551,2    Aur,BSC,0,73.1583,36.7031,-0.027,-0.007,,-17,4.78
HR4380,55    UMa,BSC,0,169.7829,38.1856,-0.057,-0.068,0.025,-3,4.78
HR8001,57    Cyg,BSC,0,313.3117,44.3872,0.01,0.001,,-20,4.78
HR7012,,BSC,0,281.3621,-64.8714,0.027,-0.149,0.035,2,4.79
HR8486,Mu 1Gru,BSC,0,333.9037,-41.3467,0.044,0.022,0.009,-7,4.79
HR3113,,BSC,0,119.4171,-30.3347,-0.006,0.007,0.025,28,4.79
HR3871,The Ant,BSC,0,146.0504,-27.7694,-0.047,0.035,0.053,24,4.79
HR6141,22    Sco,BSC,0,247.5517,-25.115,-0.008,-0.022,,4,4.79
HR2764,,BSC,0,109.1533,-23.3156,-0.01,0.002,0.019,28,4.79
HR1611,64    Eri,BSC,0,74.9825,-12.5375,0.045,-0.091,0.022,-9,4.79
HR3706,26    Hya,BSC,0,139.9433,-11.975,-0.03,0.015,0.023,-2,4.79
HR4902,40Psi Vir,BSC,0,193.5883,-9.5389,-0.024,-0.015,0.021,18,4.79
HR1212,32    Eri,BSC,0,58.5729,-2.9547,0.029,0.002,0.004,27,4.79
HR8551,35    Peg,BSC,0,336.9646,4.6956,0.081,-0.308,0.025,54,4.79
HR4054,40    Leo,BSC,0,154.9337,19.4708,-0.234,-0.214,0.052,7,4.79
HR569,9Lam Ari,BSC,0,29.4821,23.5961,-0.09,-0.013,0.028,-1,4.79
HR8641,43Omi Peg,BSC,0,340.4392,29.3075,-0.004,-0.027,0.024,9,4.79
HR2427,50Psi2Aur,BSC,0,99.8329,42.4889,0.006,-0.058,0.004,17,4.79
HR8468,24    Cep,BSC,0,332.4517,72.3411,0.032,0.003,0.017,-15,4.79
HR4993,Eta Mus,BSC,0,198.8121,-67.8944,-0.041,-0.008,,-8,4.8
HR3709,27    Hya,BSC,0,140.1208,-9.5558,-0.014,-0.029,0.022,25,4.8
HR984,13Zet Eri,BSC,0,48.9583,-8.8197,-0.002,0.046,0.025,-4,4.8
HR1937,49    Ori,BSC,0,84.7213,-7.2131,-0.012,-0.053,0.042,-1,4.8
HR5015,60Sig Vir,BSC,0,199.4012,5.4697,-0.005,0.013,0.011,-27,4.8
HR1380,64Del2Tau,BSC,0,66.0242,17.4439,0.11,-0.038,0.017,39,4.8
HR45,89Chi Peg,BSC,0,3.6508,20.2067,0.093,0,0.015,-46,4.8
HR4954,41    Com,BSC,0,196.7946,27.6247,0.031,-0.07,0.008,-16,4.8
HR179,19Xi  Cas,BSC,0,10.5162,50.5125,0.015,-0.005,,-10,4.8
HR9066,,BSC,0,359.6033,51.3886,0.08,0.009,,21,4.8
HR4716,5    CVn,BSC,0,186.0063,51.5622,0.014,0.013,0.038,-12,4.8
HR1129,,BSC,0,56.5096,63.345,-0.004,-0.013,0,-2,4.8
HR3616,13Sig2UMa,BSC,0,137.5967,67.1347,-0.02,-0.074,0.056,-2,4.8
HR6596,28Ome Dra,BSC,0,264.2379,68.7581,0.002,0.323,0.045,-14,4.8
HR2209,,BSC,0,94.7117,69.3197,0.002,-0.107,0.008,-7,4.8
HR3728,,BSC,0,140.2367,-62.4047,-0.013,0.002,0.017,51,4.81
HR8582,Nu  Tuc,BSC,0,338.2504,-61.9822,0.039,-0.025,0.007,-3,4.81
HR2212,Del Pic,BSC,0,92.5746,-54.9686,-0.003,0.005,,31,4.81
HR6631,Iot2Sco,BSC,0,267.5467,-40.0906,0.007,-0.008,-0.001,-10,4.81
HR105,Eta Scl,BSC,0,6.9821,-33.0072,-0.019,-0.052,-0.014,11,4.81
HR6519,51    Oph,BSC,0,262.8542,-23.9628,0.004,-0.027,0.04,-12,4.81
HR6896,21    Sgr,BSC,0,276.3375,-20.5417,0.006,-0.025,0.013,-12,4.81
HR1617,65Psi Eri,BSC,0,75.3596,-7.1739,0.003,0.008,,25,4.81
HR5409,105Phi Vir,BSC,0,217.0504,-2.2281,-0.139,-0.002,0.047,-10,4.81
HR4789,23    Com,BSC,0,188.7129,22.6292,-0.065,0.021,0.004,-16,4.81
HR5600,41Ome Boo,BSC,0,225.5271,25.0081,-0.007,-0.051,0.025,14,4.81
HR4707,12    Com,BSC,0,185.6263,25.8461,-0.011,-0.009,0.014,1,4.81
HR5490,34    Boo,BSC,0,220.8558,26.5278,-0.013,-0.017,0.002,6,4.81
HR8522,32    Peg,BSC,0,335.3304,28.3306,0.018,0.002,0.023,8,4.81
HR5361,,BSC,0,214.4992,35.5094,0.004,0.016,,-26,4.81
HR7763,34    Cyg,BSC,0,304.4467,38.0331,-0.005,-0.004,0.004,-9,4.81
HR3809,,BSC,0,143.7658,39.6214,-0.03,0.022,,-12,4.81
HR4196,,BSC,0,160.5583,-64.4664,-0.026,0.018,,24,4.82
HR4205,,BSC,0,161.0287,-63.9611,-0.019,0.013,,26,4.82
HR3159,,BSC,0,120.0833,-63.5675,0.001,0.017,,22,4.82
HR4732,,BSC,0,186.6317,-51.4508,-0.044,-0.017,,5,4.82
HR3294,,BSC,0,125.6317,-48.4903,-0.013,0.008,,27,4.82
HR5606,Pi  Lup,BSC,0,226.28,-47.0511,-0.019,-0.019,0.009,5,4.82
HR5651,,BSC,0,228.2063,-44.5006,-0.034,-0.028,,14,4.82
HR8151,The1Mic,BSC,0,320.19,-40.8097,0.069,-0.005,0.012,2,4.82
HR8982,104    Aqr,BSC,0,355.4408,-17.8164,0.015,0.004,-0.009,3,4.82
HR2450,,BSC,0,99.8196,-14.1458,0.004,-0.004,-0.003,29,4.82
HR4163,,BSC,0,159.3883,-13.3844,0.034,-0.032,,-25,4.82
HR8573,57Sig Aqr,BSC,0,337.6617,-10.6781,0.003,-0.03,0.021,11,4.82
HR6318,30    Oph,BSC,0,255.265,-4.2225,-0.041,-0.075,0.015,-7,4.82
HR6093,50Sig Ser,BSC,0,245.5183,1.0292,-0.155,0.05,0.043,-50,4.82
HR1676,15    Ori,BSC,0,77.425,15.5972,0.002,-0.013,0.004,30,4.82
HR7891,29    Vul,BSC,0,309.6304,21.2011,0.071,0.005,0.002,-18,4.82
HR2084,139    Tau,BSC,0,89.4987,25.9539,0,-0.002,,8,4.82
HR6431,68    Her,BSC,0,259.3312,33.1,-0.008,-0.003,0.009,-21,4.82
HR991,,BSC,0,49.6825,34.2228,0.003,-0.006,0.012,2,4.82
HR5901,11Kap CrB,BSC,0,237.8079,35.6575,-0.007,-0.347,0.034,-24,4.82
HR5127,25    CVn,BSC,0,204.365,36.295,-0.099,0.027,0.03,-6,4.82
HR620,58    And,BSC,0,32.1221,37.8592,0.157,-0.044,0.006,8,4.82
HR6254,52    Her,BSC,0,252.3092,45.9833,0.026,-0.055,0.01,-1,4.82
HR244,,BSC,0,13.2671,61.1242,-0.071,0.172,0.066,21,4.82
HR6945,42    Dra,BSC,0,276.4962,65.5636,0.105,-0.023,0.021,32,4.82
HR7180,52Ups Dra,BSC,0,283.5996,71.2972,0.049,0.044,0.014,-7,4.82
HR5321,4    UMi,BSC,0,212.2121,77.5475,-0.032,0.034,0.01,6,4.82
HR1744,The Dor,BSC,0,78.4392,-67.1853,0.019,0.036,-0.006,11,4.83
HR574,,BSC,0,29.2917,-47.385,0.103,0.016,0.021,12,4.83
HR4080,,BSC,0,155.5817,-41.65,-0.022,0.056,0.024,21,4.83
HR2702,,BSC,0,107.2129,-39.6558,-0.009,0.002,,20,4.83
HR1743,Omi Col,BSC,0,79.3712,-34.8953,0.09,-0.337,0.018,21,4.83
HR3282,,BSC,0,125.3458,-33.0544,-0.008,0.004,0.03,33,4.83
HR6628,,BSC,0,267.2938,-31.7033,0.011,-0.015,,-13,4.83
HR7618,60    Sgr,BSC,0,299.7383,-26.1956,0.035,0.033,0.014,-49,4.83
HR7116,32Nu 1Sgr,BSC,0,283.5425,-22.745,0.01,-0.01,0.03,-12,4.83
HR2571,15    CMa,BSC,0,103.3871,-20.2242,-0.009,0.004,,28,4.83
HR4402,14Eps Crt,BSC,0,171.1525,-10.8594,-0.028,0.027,,3,4.83
HR7149,Eta Sct,BSC,0,284.2654,-5.8461,0.066,-0.036,0.039,-93,4.83
HR996,96Kap1Cet,BSC,0,49.8404,3.3703,0.271,0.092,0.108,20,4.83
HR5477,30Zet Boo,BSC,0,220.2871,13.7283,0.053,-0.016,0.009,-6,4.83
HR545,5Gam1Ari,BSC,0,28.3825,19.2958,0.078,-0.112,0.026,4,4.83
HR5972,44Pi  Ser,BSC,0,240.5737,22.8044,0.002,0.028,0.012,-28,4.83
HR5304,12    Boo,BSC,0,212.5996,25.0917,-0.022,-0.061,0.042,11,4.83
HR7064,,BSC,0,281.5187,26.6622,0.018,0.024,0.023,-17,4.83
HR643,60    And,BSC,0,33.3054,44.2317,-0.02,-0.016,,-46,4.83
HR417,48Ome And,BSC,0,21.9142,45.4067,0.351,-0.107,0.03,11,4.83
HR7730,30    Cyg,BSC,0,303.325,46.8158,0.012,-0.001,0.012,-26,4.83
HR3662,18    UMa,BSC,0,139.0471,54.0219,0.049,0.061,0.042,-19,4.83
HR253,26Ups1Cas,BSC,0,13.7504,58.9728,-0.032,-0.043,0.006,-23,4.83
HR6223,18    Dra,BSC,0,250.2296,64.5892,0.001,-0.013,0.009,0,4.83
HR837,Zet Hyi,BSC,0,41.3858,-67.6167,0.069,0.046,0.009,4,4.84
HR2961,,BSC,0,114.8642,-38.3083,-0.014,0.004,,26,4.84
HR8060,22Eta Cap,BSC,0,316.1013,-19.855,-0.034,-0.037,0.055,24,4.84
HR781,83Eps Cet,BSC,0,39.8908,-11.8722,0.146,-0.236,0.072,15,4.84
HR4291,58    Leo,BSC,0,165.14,3.6175,0.014,-0.016,0.007,6,4.84
HR8413,22Nu  Peg,BSC,0,331.42,5.0586,0.111,0.1,0.014,-16,4.84
HR434,98Mu  Psc,BSC,0,22.5462,6.1439,0.294,-0.048,0.018,34,4.84
HR1311,47    Tau,BSC,0,63.485,9.2636,-0.01,-0.038,0.029,-7,4.84
HR6159,29    Her,BSC,0,248.1512,11.4881,-0.18,-0.078,-0.012,3,4.84
HR604,57Gam2And,BSC,0,30.9779,42.3308,0.037,-0.055,0.013,-14,4.84
HR7977,55    Cyg,BSC,0,312.2346,46.1142,0.004,0,0.017,-7,4.84
HR3173,27    Lyn,BSC,0,122.1142,51.5067,-0.059,-0.004,-0.009,11,4.84
HR4112,36    UMa,BSC,0,157.6567,55.9806,-0.176,-0.03,0.077,9,4.84
HR985,,BSC,0,49.9975,65.6522,0.015,-0.013,0.009,-3,4.84
HR4126,,BSC,0,158.7729,75.7131,-0.03,-0.003,0.027,17,4.84
HR4222,,BSC,0,161.7133,-64.3833,-0.023,0.012,,16,4.85
HR8655,Eta Gru,BSC,0,341.4079,-53.5003,0.029,0.014,0.005,28,4.85
HR4933,Xi 1Cen,BSC,0,195.8883,-49.5272,-0.059,-0.014,0.012,0,4.85
HR8644,Rho Gru,BSC,0,340.875,-41.4144,0.006,-0.095,0.03,29,4.85
HR4979,,BSC,0,198.0133,-37.8031,-0.385,0.047,0.053,-15,4.85
HR7292,42Psi Sgr,BSC,0,288.885,-25.2567,0.045,-0.025,0.005,-33,4.85
HR2874,,BSC,0,112.4642,-23.0244,-0.004,-0.006,-0.003,37,4.85
HR565,56    Cet,BSC,0,29.1675,-22.5269,0.062,-0.029,-0.012,27,4.85
HR4515,2Xi  Vir,BSC,0,176.3212,8.2583,0.061,-0.018,0.039,-1,4.85
HR6103,19Xi  CrB,BSC,0,245.5242,30.8919,-0.096,0.109,0.016,-29,4.85
HR1350,53    Per,BSC,0,65.3883,46.4989,0.025,-0.035,,1,4.85
HR8860,8    And,BSC,0,349.4362,49.0153,0.037,0.008,0.011,-8,4.85
HR6237,,BSC,0,251.3242,56.7819,0.018,0.066,0.046,-4,4.85
HR8797,1    Cas,BSC,0,346.6537,59.4197,0.009,0.001,,-9,4.85
HR377,Kap Tuc,BSC,0,18.9421,-68.8761,0.399,0.107,0.061,9,4.86
HR5666,Eps Cir,BSC,0,229.4121,-63.6106,0.001,0.008,0.004,-5,4.86
HR4729,,BSC,0,186.6288,-63.1225,-0.04,-0.025,,27,4.86
HR3414,,BSC,0,128.8317,-58.0092,0.042,0.022,0.017,24,4.86
HR3467,,BSC,0,130.6062,-53.1139,-0.015,0.022,,22,4.86
HR3990,,BSC,0,152.2346,-51.8111,-0.01,0.001,,14,4.86
HR6675,,BSC,0,269.1975,-44.3422,-0.006,-0.017,0.017,45,4.86
HR7515,56    Sgr,BSC,0,296.5904,-19.7611,-0.129,-0.089,0.025,20,4.86
HR9067,27    Psc,BSC,0,359.6683,-3.5561,-0.051,-0.072,0.029,0,4.86
HR6866,74    Oph,BSC,0,275.2171,3.3772,0,0.01,0.019,5,4.86
HR754,78Nu  Cet,BSC,0,38.9688,5.5933,-0.026,-0.025,0.002,5,4.86
HR5480,31    Boo,BSC,0,220.4117,8.1617,-0.009,0.003,0.011,-22,4.86
HR5370,20    Boo,BSC,0,214.9383,16.3069,-0.142,0.06,,-8,4.86
HR1946,126    Tau,BSC,0,85.3238,16.5339,0.008,-0.018,0.014,21,4.86
HR2002,132    Tau,BSC,0,87.2542,24.5675,-0.004,-0.023,0.005,16,4.86
HR1689,11Mu  Aur,BSC,0,78.3571,38.4844,-0.018,-0.075,0.023,21,4.86
HR5002,,BSC,0,199.3042,-66.7836,-0.02,-0.014,0.007,-10,4.87
HR7134,Lam Tel,BSC,0,284.6154,-52.9386,0.01,-0.011,,-2,4.87
HR7152,Eps CrA,BSC,0,284.6808,-37.1075,-0.132,-0.105,0.032,54,4.87
HR7029,,BSC,0,281.0808,-35.6419,0,-0.031,,4,4.87
HR6334,,BSC,0,256.2058,-34.1228,0.008,-0.002,,4,4.87
HR2056,Lam Col,BSC,0,88.2787,-33.8014,-0.004,0.033,0.035,30,4.87
HR6595,58    Oph,BSC,0,265.8575,-21.6833,-0.095,-0.043,0.06,11,4.87
HR1318,39    Eri,BSC,0,63.5988,-10.2564,-0.009,-0.162,0.015,7,4.87
HR4374,53Xi  UMa,BSC,0,169.5454,31.5292,-0.432,-0.586,0.137,-16,4.87
HR660,8Del Tri,BSC,0,34.2633,34.2242,1.154,-0.245,0.093,-6,4.87
HR6555,25Nu 2Dra,BSC,0,263.0667,55.1731,0.148,0.056,0.035,-16,4.87
HR9008,5Tau Cas,BSC,0,356.7646,58.6519,0.061,0.057,0.014,-21,4.87
HR2470,12    Lyn,BSC,0,101.5587,59.4417,-0.023,-0.002,0.011,-3,4.87
HR932,,BSC,0,47.9846,74.3936,0.012,-0.09,0.032,10,4.87
HR7859,Rho Pav,BSC,0,309.3971,-61.53,0.057,-0.072,0.003,8,4.88
HR6682,,BSC,0,269.4488,-41.7161,-0.015,-0.01,-0.005,4,4.88
HR3919,,BSC,0,148.5513,-25.9325,-0.18,0.054,0.031,51,4.88
HR994,15    Eri,BSC,0,49.5921,-22.5114,0.018,0.012,0.028,24,4.88
HR3441,9    Hya,BSC,0,130.4304,-15.9433,0.001,-0.098,0.032,-2,4.88
HR5941,48    Lib,BSC,0,239.5475,-14.2794,-0.012,-0.015,,-6,4.88
HR4828,30Rho Vir,BSC,0,190.4713,10.2356,0.084,-0.091,,2,4.88
HR3003,81    Gem,BSC,0,116.5308,18.51,-0.076,-0.058,0.014,81,4.88
HR1810,114    Tau,BSC,0,81.9088,21.9369,0.002,-0.007,,13,4.88
HR1533,,BSC,0,72.4775,37.4883,-0.038,0.04,0.025,-23,4.88
HR8622,10    Lac,BSC,0,339.8154,39.0503,0.001,-0.005,,-10,4.88
HR390,46Xi  And,BSC,0,20.585,45.5289,0.032,0.009,0.026,-13,4.88
HR6554,24Nu 1Dra,BSC,0,263.0442,55.1842,0.147,0.057,0.035,-15,4.88
HR9071,8Sig Cas,BSC,0,359.7521,55.755,0.009,-0.004,0.006,-13,4.88
HR4134,,BSC,0,157.8408,-53.7156,-0.418,0.205,0.05,20,4.89
HR7952,Zet Ind,BSC,0,312.3708,-46.2269,0.04,0.024,0.012,-5,4.89
HR2746,,BSC,0,108.3058,-45.1831,-0.019,-0.099,0.01,4,4.89
HR5967,,BSC,0,240.8508,-38.6025,-0.016,-0.027,,-2,4.89
HR3433,Zet Pyx,BSC,0,129.9271,-29.5611,-0.02,-0.089,0.021,-32,4.89
HR3556,Del Pyx,BSC,0,133.8813,-27.6819,0.079,-0.102,0.037,5,4.89
HR4162,,BSC,0,159.3071,-27.4125,-0.109,0.024,0.01,17,4.89
HR33,6    Cet,BSC,0,2.8163,-15.4681,-0.077,-0.268,0.067,14,4.89
HR708,72Rho Cet,BSC,0,36.4875,-12.2906,-0.01,-0.009,0.029,10,4.89
HR7873,70    Aql,BSC,0,309.1817,-2.55,0.013,-0.011,0.016,-10,4.89
HR972,58Zet Ari,BSC,0,48.7254,21.0444,-0.028,-0.073,0.02,7,4.89
HR7517,15    Cyg,BSC,0,296.0692,37.3544,0.075,0.035,0.021,-24,4.89
HR223,25Nu  Cas,BSC,0,12.2087,50.9683,0.035,-0.006,,9,4.89
HR6315,19    Dra,BSC,0,254.0071,65.1347,0.24,0.05,0.062,-23,4.89
HR4549,,BSC,0,177.9633,-65.2061,-0.039,-0.01,,21,4.9
HR7424,Iot Tel,BSC,0,293.8042,-48.0992,-0.009,-0.038,0.002,22,4.9
HR7965,Alp Mic,BSC,0,312.4921,-33.7797,0.01,-0.025,0.012,-15,4.9
HR749,Ome For,BSC,0,38.4613,-28.2325,-0.019,-0.013,,10,4.9
HR412,46    Cet,BSC,0,21.405,-14.5989,0.039,-0.018,0.007,-23,4.9
HR7032,Eps Sct,BSC,0,280.8804,-8.2753,0.022,0.008,0.016,-11,4.9
HR2275,,BSC,0,94.9983,-2.9444,-0.013,0.004,-0.001,47,4.9
HR8717,50Rho Peg,BSC,0,343.8071,8.8158,0.079,0.014,0.006,-10,4.9
HR4894,35    Com,BSC,0,193.3242,21.245,-0.047,-0.022,0.021,-7,4.9
HR4924,37    Com,BSC,0,195.0688,30.785,-0.018,-0.013,0.016,-13,4.9
HR2930,71Omi Gem,BSC,0,114.7913,34.5842,-0.037,-0.117,0.021,7,4.9
HR8255,72    Cyg,BSC,0,323.6942,38.5342,0.124,0.099,0.012,-66,4.9
HR2696,63    Aur,BSC,0,107.9137,39.3206,0.044,0.003,0.023,-27,4.9
HR2585,16    Lyn,BSC,0,104.4046,45.0942,-0.021,-0.004,0.006,-8,4.9
HR6200,42    Her,BSC,0,249.6871,48.9283,-0.047,0.031,0.017,-55,4.9
HR5303,Eta Aps,BSC,0,214.5575,-81.0078,-0.031,-0.063,,-9,4.91
HR4583,Eps Cha,BSC,0,179.9054,-78.2219,-0.057,-0.002,0.012,13,4.91
HR6098,Zet TrA,BSC,0,247.1171,-70.0844,0.196,0.108,0.094,9,4.91
HR4523,,BSC,0,176.6296,-40.5006,-1.531,0.401,0.099,15,4.91
HR4874,,BSC,0,192.6717,-33.9994,-0.028,-0.02,0.02,4,4.91
HR5660,1    Lup,BSC,0,228.6554,-31.5192,-0.005,0.001,0.014,-23,4.91
HR1621,,BSC,0,75.3567,-20.0519,0.034,-0.015,,24,4.91
HR4171,Phi3Hya,BSC,0,159.6458,-16.8767,-0.097,0.027,0.014,18,4.91
HR5301,,BSC,0,212.7104,-16.3019,0.006,-0.006,0.012,18,4.91
HR7831,69    Aql,BSC,0,307.4125,-2.8856,0.073,-0.021,0.021,-23,4.91
HR1437,45    Eri,BSC,0,67.9696,-0.0439,0.003,-0.009,-0.009,17,4.91
HR1963,51    Ori,BSC,0,85.6192,1.4747,-0.058,-0.015,0.015,88,4.91
HR2010,134    Tau,BSC,0,87.3871,12.6511,-0.02,-0.024,,18,4.91
HR6355,60    Her,BSC,0,256.3446,12.7408,0.051,-0.01,0.022,-4,4.91
HR5201,6    Boo,BSC,0,207.4283,21.2642,0.024,0.017,,-3,4.91
HR7939,30    Vul,BSC,0,311.2188,25.2706,-0.028,-0.182,0.006,31,4.91
HR788,12    Per,BSC,0,40.5621,40.1939,-0.019,-0.186,0.043,-23,4.91
HR2289,46Psi1Aur,BSC,0,96.2246,49.2881,-0.002,-0.001,0.007,5,4.91
HR8926,,BSC,0,352.5083,58.5489,0.02,0.005,0.006,-13,4.91
HR8383,,BSC,0,329.1629,63.6256,-0.005,-0.004,0.004,-19,4.91
HR3582,,BSC,0,134.2433,-59.2294,-0.009,0.007,,27,4.92
HR4989,,BSC,0,198.5617,-59.1033,-0.265,-0.157,0.053,-65,4.92
HR5371,,BSC,0,215.6542,-58.4594,-0.052,0.013,0.024,15,4.92
HR5489,,BSC,0,221.2467,-35.1919,0.003,-0.004,0.019,-5,4.92
HR8447,15Tau PsA,BSC,0,332.5367,-32.5483,0.434,0.013,0.053,-15,4.92
HR5985,8Bet2Sco,BSC,0,241.3604,-19.8019,-0.019,-0.02,,-4,4.92
HR5586,19Del Lib,BSC,0,225.2433,-8.5189,-0.063,-0.005,0.02,-39,4.92
HR2701,20    Mon,BSC,0,107.5571,-4.2372,0,0.215,0.03,79,4.92
HR7956,,BSC,0,311.795,34.3742,0.047,0.004,0.005,-23,4.92
HR4997,,BSC,0,198.4292,40.1528,-0.048,0.015,0.004,-21,4.92
HR7137,,BSC,0,283.3067,50.7083,0.005,-0.025,0.024,8,4.92
HR7619,24Psi Cyg,BSC,0,298.9075,52.4389,-0.037,-0.03,0.005,-10,4.92
HR4142,,BSC,0,157.7583,-73.2217,-0.017,-0.001,,11,4.93
HR4823,,BSC,0,190.4858,-59.6858,-0.025,-0.002,,13,4.93
HR2672,,BSC,0,105.9737,-49.5839,-0.045,0.146,0.02,27,4.93
HR2462,,BSC,0,99.6567,-48.2203,0.008,0.012,0.012,28,4.93
HR3520,,BSC,0,132.4487,-45.3081,-0.01,0.01,0.012,5,4.93
HR1302,Del Hor,BSC,0,62.7108,-41.9936,0.196,0.063,0.012,37,4.93
HR7226,Gam CrA,BSC,0,286.6046,-37.0633,0.096,-0.274,0.054,-52,4.93
HR2148,17    Lep,BSC,0,91.2462,-16.4844,-0.006,-0.001,0.032,20,4.93
HR3122,27    Mon,BSC,0,119.9337,-3.6797,-0.054,-0.003,0.008,-29,4.93
HR5634,45    Boo,BSC,0,226.8254,24.8692,0.185,-0.165,0.064,-7,4.93
HR8997,78    Peg,BSC,0,355.9979,29.3617,0.071,-0.037,0.018,-7,4.93
HR7192,15Lam Lyr,BSC,0,285.0038,32.1456,0.013,0.013,-0.003,-16,4.93
HR1343,54    Per,BSC,0,65.1025,34.5667,-0.025,-0.005,,-27,4.93
HR882,24    Per,BSC,0,44.7654,35.1831,-0.046,0.006,,-36,4.93
HR7708,28    Cyg,BSC,0,302.3567,36.8397,0.005,0.014,,-14,4.93
HR4931,78    UMa,BSC,0,195.1825,56.3664,0.114,-0.009,0.034,-10,4.93
HR4499,,BSC,0,175.2233,-62.09,-0.02,0.008,0.025,14,4.94
HR6024,Kap Nor,BSC,0,243.3696,-54.6306,-0.002,-0.024,0.022,-14,4.94
HR7673,Xi  Tel,BSC,0,301.8467,-52.8808,-0.014,0.008,0.014,36,4.94
HR2934,,BSC,0,113.9154,-52.5339,0.024,-0.016,0.012,62,4.94
HR6155,Mu  Nor,BSC,0,248.5208,-44.0453,0.005,-0.004,,9,4.94
HR3682,,BSC,0,138.9029,-38.57,-0.068,-0.013,0.027,2,4.94
HR4314,Chi1Hya,BSC,0,166.3329,-27.2936,-0.188,-0.004,0.043,17,4.94
HR5497,54    Hya,BSC,0,221.5004,-25.4431,-0.15,-0.104,0.049,-13,4.94
HR3862,,BSC,0,145.56,-23.9156,-0.395,0.26,0.08,34,4.94
HR3923,,BSC,0,148.7175,-19.0094,-0.047,-0.037,0.011,50,4.94
HR2959,,BSC,0,115.0967,-15.2636,-0.01,-0.022,0.005,0,4.94
HR9103,3    Cet,BSC,0,1.1254,-10.5094,-0.005,-0.011,0.016,-42,4.94
HR5723,31Eps Lib,BSC,0,231.0496,-10.3222,-0.067,-0.154,0.035,-10,4.94
HR6031,15Psi Sco,BSC,0,243,-10.0642,-0.001,-0.014,0.02,-6,4.94
HR5535,11    Lib,BSC,0,222.7542,-2.2992,0.084,-0.123,0.016,83,4.94
HR8911,8Kap Psc,BSC,0,351.7333,1.2556,0.089,-0.097,0.04,-3,4.94
HR5105,78    Vir,BSC,0,203.5329,3.6589,0.044,-0.024,0.021,-12,4.94
HR5475,29Pi 1Boo,BSC,0,220.1817,16.4183,0.015,0.015,0.002,-1,4.94
HR1329,50Ome2Tau,BSC,0,64.315,20.5786,-0.044,-0.058,,16,4.94
HR1739,109    Tau,BSC,0,79.8192,22.0964,0.012,-0.083,0.01,19,4.94
HR4883,31    Com,BSC,0,192.9246,27.5406,-0.012,-0.008,0.011,-1,4.94
HR3149,Chi Gem,BSC,0,120.8796,27.7942,-0.026,-0.042,0.016,-11,4.94
HR642,6    Tri,BSC,0,33.0929,30.3031,-0.064,-0.063,0.004,-18,4.94
HR1592,4Ome Aur,BSC,0,74.8142,37.8903,0.04,-0.101,0.005,5,4.94
HR7613,22    Cyg,BSC,0,298.9654,38.4867,0,0.002,,-30,4.94
HR477,53Tau And,BSC,0,25.145,40.5769,0.013,-0.025,,-14,4.94
HR8699,15    Lac,BSC,0,343.0083,43.3125,0.11,0.029,0.021,-17,4.94
HR184,20Pi  Cas,BSC,0,10.8671,47.0247,-0.02,-0.034,0.023,13,4.94
HR4795,6    Dra,BSC,0,188.6833,70.0219,-0.032,0,,5,4.94
HR2608,,BSC,0,104.0667,-48.7211,0.006,0.01,-0.003,22,4.95
HR4958,45Psi Hya,BSC,0,197.2637,-23.1181,-0.024,-0.036,0.012,-19,4.95
HR2128,3    Mon,BSC,0,90.46,-10.5981,-0.007,0,0.003,39,4.95
HR7446,39Kap Aql,BSC,0,294.2229,-7.0275,0.003,-0.004,,-19,4.95
HR1952,,BSC,0,85.2108,-1.1289,-0.012,-0.006,,26,4.95
HR1789,25Psi1Ori,BSC,0,81.1867,1.8464,0.001,0.001,,19,4.95
HR4418,84Tau Leo,BSC,0,171.9842,2.8561,0.018,-0.012,0.034,-9,4.95
HR7724,67Rho Aql,BSC,0,303.5692,15.1975,0.057,0.057,0.023,-23,4.95
HR2198,69    Ori,BSC,0,93.0137,16.1306,0.009,-0.014,,22,4.95
HR6868,106    Her,BSC,0,275.0746,21.9614,0.017,-0.056,0.016,-33,4.95
HR7565,12    Vul,BSC,0,297.7671,22.61,0.028,-0.017,,-31,4.95
HR4667,7    Com,BSC,0,184.0854,23.9453,-0.027,-0.007,0.006,-28,4.95
HR4733,14    Com,BSC,0,186.6004,27.2683,-0.013,-0.008,0.014,-4,4.95
HR1348,52Phi Tau,BSC,0,65.0888,27.3508,-0.025,-0.08,,3,4.95
HR483,,BSC,0,25.4467,42.6136,0.809,-0.154,0.081,4,4.95
HR1002,32    Per,BSC,0,50.3604,43.3294,-0.063,-0.006,0.026,-7,4.95
HR9003,20Psi And,BSC,0,356.5088,46.4203,0.011,-0.005,0.001,-25,4.95
HR7844,45Ome1Cyg,BSC,0,307.5146,48.9517,0.013,0.008,,-22,4.95
HR8726,,BSC,0,344.1083,49.7336,0.003,-0.002,-0.001,-10,4.95
HR5960,,BSC,0,239.4475,54.7497,-0.15,0.11,0.022,-11,4.95
HR4765,4    Dra,BSC,0,187.5279,69.2011,-0.059,-0.052,0.016,-13,4.95
HR6116,21Eta UMi,BSC,0,244.3763,75.7553,-0.085,0.252,0.043,-10,4.95
